Actual,Predicted
8.3,7.688235843024266
8.3,7.9587687828294005
7.8,7.983366037548479
7.4,8.091978026097793
8.0,7.695183122784532
7.9,7.812510846036162
8.2,8.20486578148594
6.9,7.830740422067636
6.4,7.620281220238758
8.4,7.961741683741102
8.2,7.801375394219564
8.2,7.82560807209186
8.1,7.7244793632369895
7.7,7.730857935809424
7.7,7.755090613681721
8.4,7.8932680757048574
5.5,7.715682219438546
8.6,7.744012203775014
7.8,8.09857171884428
7.2,7.884037373627107
8.3,7.823851608705138
7.1,7.824656119407339
7.8,8.284452004025038
5.5,7.732103047207273
7.4,7.8534554014867295
7.4,7.7211046170174775
8.0,7.746723399633269
8.0,7.783072416441714
7.8,7.83961957709438
6.4,7.69281982834333
7.8,7.7704289047484805
8.2,8.057435890625978
8.0,8.136440532040682
8.2,8.115583472863769
8.3,8.095129070837825
8.0,7.963548560656063
8.6,8.014079021641269
8.8,8.259148354066188
7.9,7.84158803891018
7.9,7.739874562051461
8.6,7.809052378911473
8.2,7.967697309412019
8.0,7.929590926532384
7.8,7.750303450163486
8.3,8.04510613994521
7.2,7.886907032848827
8.3,7.83873926326125
7.4,8.023243572105125
8.1,7.748712041109287
8.6,8.267940931822356
8.0,7.859640084381799
7.9,7.9740066429860335
8.6,7.791273624638613
8.7,8.425767238083484
8.2,7.952175433072034
7.8,8.356831186617292
8.6,7.803806101896018
8.0,7.417398748156716
7.9,8.222961996229547
7.9,8.126367466268647
7.1,7.71648687910337
8.2,8.04271948404391
8.5,8.334959809310691
8.0,7.89308796438418
7.9,7.906729076787947
7.4,7.850285900555213
7.5,8.157988718516851
7.7,7.785381461022092
7.8,8.125674055938296
8.6,7.764268574841218
6.4,7.432234831450175
8.6,8.204162337749107
7.9,8.495873747497788
5.5,7.83191520698075
8.3,7.360938622136431
8.0,7.74450126667963
7.5,7.959465798351195
8.0,7.918909417207095
8.6,8.213576832122007
8.3,8.017967122876037
6.4,7.410084509456818
8.3,7.653002804802045
7.4,8.05807390538664
7.8,8.20235772736313
8.1,7.818854899351471
8.2,8.200329486574178
7.5,7.844236024646244
8.4,7.8637743559260755
8.3,8.210836216006983
7.7,7.481877492818213
8.1,8.069600094394513
7.9,7.878655981142859
8.3,8.045135581904553
8.6,7.770326744309291
8.1,7.857914149869317
7.9,7.8734731413737284
7.7,7.9384960154284085
7.1,7.853266991403565
7.9,8.308867621549076
7.4,7.768294568663529
8.8,8.523970252967931
7.9,7.744676975858613
8.4,8.02612319779286
8.0,8.251365155421096
8.1,8.004745167111956
8.0,8.004414227184018
7.2,7.940952281524541
6.8,7.937441596396548
8.3,7.9542550853409315
7.9,7.696289647556529
6.2,7.696446749874513
8.2,8.104884516343486
8.5,8.223456263188844
8.0,8.2475844116469
8.0,7.8148100378361685
8.2,8.06536443648368
8.7,8.30521003753147
7.8,8.058941589762137
7.9,7.992363953206725
8.3,8.185487559548463
7.7,7.6097367536970415
7.7,7.937850032209725
8.0,8.252661159917352
8.3,8.112757636082488
7.1,7.487663169208786
8.0,7.920981948867226
7.1,7.80830614997958
7.7,7.878543741627525
8.5,8.215484987572957
7.1,7.83023601233846
8.5,8.346119595172933
8.3,8.226778767238757
8.5,8.266350321583017
8.3,8.02794326352945
8.5,8.449801177113443
7.9,8.441669073309756
7.9,8.15442635643657
7.4,7.834389994795892
7.0,7.627070076038058
8.0,7.984029171661958
8.2,7.920339774251531
7.9,8.130671955101226
7.8,8.12822486413538
7.9,7.881844491389213
8.5,8.366469543318559
7.9,7.773796602934327
6.4,7.433360634255209
6.4,7.759300266979828
8.2,7.940075589935999
8.0,8.18134538152412
7.7,7.665309167575232
7.1,7.662484856990419
7.8,7.747111829583181
8.3,7.977453551605968
8.5,8.317423002955739
8.8,8.469499778536838
8.7,7.878129833483844
8.6,7.816081866344484
8.3,7.8049766147567
7.9,7.821569562085175
7.4,7.942616348941096
8.8,8.220567380085296
8.5,8.29984213384387
8.0,7.94074424812396
7.1,7.740403323068023
7.0,7.679555311602674
8.5,7.643618543761117
8.0,7.767381143149518
8.0,7.8183119189346
8.5,8.222667731207956
7.1,7.777539873052637
7.8,7.745676999972321
7.5,7.9204003271654475
8.6,7.830692713700086
7.9,7.786046210991417
8.7,8.141944370967806
7.9,8.154727876957553
8.3,8.527243651643799
6.4,7.412157041116949
8.3,8.125510804331578
7.6,7.958013156140058
7.2,7.922777773120318
8.5,8.52355839241825
8.0,7.828717755660057
5.5,7.718244816698201
8.3,7.805958710799512
8.3,8.275562974007986
5.5,7.718244816698201
8.6,7.7712832973831985
8.7,8.086145441656596
6.9,7.750868240396448
7.7,7.621332608847135
8.1,7.802916715297319
7.4,7.771568302990202
8.3,7.781278404476182
7.1,7.699099674041927
6.4,7.698877997811405
7.5,7.893304210739331
8.0,7.82154360760576
7.9,7.949773965113737
7.1,7.762235023870135
7.1,7.832467969510909
8.6,8.355553443602506
8.1,8.434988288110056
7.8,7.715907823761779
8.3,8.253973274063034
8.5,8.235581197705693
8.3,7.8872961624056614
8.8,8.36635343691102
8.2,7.950082343882958
7.1,7.406037306902102
8.6,8.241542589013939
7.4,7.807353819181376
8.1,7.802274646070425
8.0,7.913323060005308
8.5,8.311467741568938
6.2,7.729447830924285
8.3,8.274898677072187
7.0,7.732644007204482
7.1,7.849969259476083
8.3,7.974376291390688
7.9,7.896206992974975
8.8,8.455153447272002
8.2,7.992506977354472
7.4,8.03910226942083
8.2,8.145548939488855
8.0,7.994710680987247
8.3,7.9870385734863945
8.3,8.28449080269778
7.1,7.705370319803891
7.7,7.796129032928666
7.1,7.849759630132574
8.6,7.876822986537543
7.5,7.745551632521562
8.3,8.185487559548463
7.9,7.786046210991417
8.2,7.868297056063956
7.9,8.125251487682423
7.8,7.86720019072535
8.2,7.951056344151859
9.0,8.155890855940383
8.2,8.28657364439116
8.1,8.0458751657156
7.7,7.646975233658691
8.4,7.876682001103077
8.0,7.985156392975553
8.2,8.070473947858394
7.1,7.424052389794007
8.0,8.188431325909118
7.9,7.700298331421899
7.9,7.741612297883763
8.2,8.071305910197623
7.8,7.8576377386685365
9.0,8.192239872748829
8.1,8.209736605400797
8.2,7.985332829300174
8.0,8.167552804463394
8.2,8.022999979965347
9.0,7.910310727126918
9.0,7.77150671695052
8.8,8.018494934022359
7.7,7.902808764082907
7.7,7.979603964767223
7.1,7.491967658041365
8.4,7.5214747860925675
8.0,7.9913633158315385
7.6,7.645276929841423
7.2,7.967414951725524
8.2,7.8389678725616765
8.7,8.047892649702188
7.1,7.756333432963996
8.5,8.331771299064336
8.2,7.771849731875907
7.7,7.9317763110719
8.0,8.23231244320693
8.0,7.851944237762978
8.0,7.949434406091972
8.7,8.077109631087271
8.2,7.990197298754134
8.0,8.17488637803001
6.9,7.771115280460801
8.2,7.9244148363998015
7.6,8.457602718476451
6.5,8.448045632858348
8.5,7.947818092795016
7.7,7.94633192894565
8.0,8.10327945487563
8.3,7.631767419872507
7.7,7.805535138155412
6.9,7.902248086202949
8.6,8.326225043867327
8.8,8.255640992795199
8.5,8.417861075715916
7.7,7.953800864610912
7.4,8.039731649464098
7.9,7.88606775684683
7.5,7.706492382003715
8.2,8.115583472863769
8.3,8.198082175021565
7.7,7.962720412131293
7.7,7.99412574337713
8.3,7.713693860479796
7.4,7.836473148507223
8.0,7.999437036490646
6.4,7.766793266058762
8.6,7.846363382683004
7.9,7.881991831253599
7.9,7.8730640025638055
8.0,7.8374861588375335
8.3,7.9734874049393865
8.0,8.13841081645178
7.8,8.103195058701495
8.7,8.113618073408034
8.6,8.314899937961481
8.2,7.842355322839595
8.2,7.997491897994507
8.1,8.10866704279768
6.8,7.764387951661384
8.2,7.726923679967178
9.0,8.188629516520677
7.7,8.03965348449133
8.3,8.256080298919807
7.6,8.498256224117476
8.6,7.8733609123729185
8.6,8.117696473755721
7.7,7.675831251388202
7.5,7.939371963131259
8.3,7.713722152657454
7.8,7.744741240826222
8.2,7.831347390535299
7.8,8.254656364265673
8.0,7.901936275545692
8.3,8.261506934037497
8.2,7.672687063214272
7.7,7.895267868751137
6.4,7.80792504823674
7.1,7.861394845581388
8.2,8.023327871026247
8.2,7.977369448664832
8.0,8.116192921373365
8.5,8.301480451723965
8.2,7.9553608329844385
7.1,7.8005067412118105
8.5,8.35245216046477
7.4,7.724991089580013
8.2,7.7943108229149125
8.7,8.124416895614704
7.0,7.680352439164262
7.7,8.0178121893038
7.8,7.757996159013663
7.7,7.6570439236063095
8.0,8.224255952235644
8.6,7.828062453593298
8.2,7.950585962595452
8.3,7.922597082740381
8.3,8.210836216006983
8.0,7.828042355358542
7.7,7.957459370224807
7.7,7.805208005961363
7.7,7.575619694061045
7.8,8.047933370037164
6.5,8.402290510823157
7.9,8.146773931845317
8.5,7.817691570880364
7.6,8.427471296648399
8.6,7.723341505281923
7.9,8.048089539720635
7.7,7.755887741243309
7.4,7.9673155048811735
8.7,8.141944370967806
8.4,7.650268827707652
7.8,8.100392222964748
7.8,7.941336647609454
7.0,7.7658045137665725
7.7,7.877436044210714
8.2,8.124192450528927
7.9,7.774948174761365
8.2,8.004197593730662
5.5,7.82984267532062
7.0,7.732644007204482
6.9,7.853304453921402
7.9,8.404044652402769
8.6,8.048084761190038
7.1,7.877340243763544
8.4,7.719488445957784
9.0,7.96164574209323
8.4,7.8633687097545915
8.7,8.274759764678782
8.2,7.634584365770332
8.0,7.907749631344854
8.0,7.7438537404115495
7.8,7.828259415352912
7.8,7.979866535652537
8.3,8.024662994393381
7.5,7.95276992683385
7.8,8.104377860772694
9.3,9.24761525306643
7.7,7.911863673701933
7.8,8.12822486413538
7.8,8.278393834556963
8.5,7.713606343668606
7.8,7.904505760607702
8.0,8.084304561426816
8.3,8.225955044790641
8.3,8.150541482501794
7.1,7.7592059391360975
8.3,7.82932119721799
6.9,7.809855679954012
8.5,7.8867424500456735
5.5,7.827451292635854
8.4,7.980635221298742
8.2,7.9376343584885625
7.8,7.716980407755128
7.5,8.012111089116825
7.1,7.875991134373653
7.4,7.863051219825371
8.3,7.736860624281177
8.0,7.933251249045027
7.1,7.927645000364601
8.2,7.9559810878387145
7.8,7.780591187169907
7.5,7.658420541346711
7.8,8.059990744863386
8.3,8.087861619205707
8.0,8.110871539913225
8.3,8.094331943276234
8.7,8.290168964126979
7.4,7.770958108753598
8.7,8.038327118963124
8.3,8.213998131366811
8.5,7.809131714309255
8.3,7.60531280428139
8.0,8.167426259693608
7.7,7.7732651220859434
7.8,7.857953511010921
8.3,7.799024419487023
8.3,8.302197480638009
7.1,7.798511690307775
8.6,7.816696895653443
8.0,8.026117506913842
8.0,8.08647943652861
8.0,8.099438261513216
6.4,7.435582767208847
7.4,8.301999322665361
8.0,7.77447538321978
7.4,7.90931998558523
7.4,7.7446215612874205
7.8,8.264045538448368
8.3,8.198082175021565
7.3,7.91303176186962
8.6,8.103820559652792
8.4,7.903949585030146
7.4,7.819995053214842
7.5,7.843438897084655
8.2,7.674832171288394
7.1,7.810538107152029
8.3,7.996800209712934
8.4,7.799279653802859
8.0,7.822064093874504
7.7,7.959699608566668
8.3,7.768117690992014
7.0,7.689599118878692
8.7,8.016795343798378
7.0,7.747631970206111
8.1,7.941153931703457
8.6,7.726325302909595
8.8,8.2511770784503
8.2,7.766972380838201
8.4,7.817716076588393
7.2,7.877500927622079
8.2,7.9916837671219785
8.6,7.765325828163943
8.3,7.679126816484504
9.1,7.655998691502339
8.1,7.92469036764625
6.9,7.677851355754922
7.7,7.718103894824004
7.7,7.8275275776858475
7.4,7.711539086278413
7.9,8.109063428223312
7.2,7.82807901880358
8.2,8.049743846610491
7.7,7.629303884463022
8.5,7.7316529912957614
7.4,8.019801865621426
7.7,7.904378955792412
7.1,7.711853715027346
8.0,8.20961301410856
8.0,7.7254522334099525
8.2,8.018820081867446
8.6,7.812311623533258
7.7,7.870261896156415
7.4,7.730510722244224
8.7,7.764054717500354
6.2,7.717331491988137
7.0,7.762777393876297
8.0,7.654587397956838
8.3,8.109133185221223
7.8,8.088209060543628
8.2,8.068273907142238
8.7,8.321343527515364
8.5,8.240993069543796
8.6,8.251295053077989
8.6,8.546808399975665
7.1,7.8032073805357935
8.3,8.149493170538173
8.9,7.6723751988641835
7.9,7.8926042028518575
7.2,7.859109483766021
8.6,8.214206145025125
7.9,7.860719100388309
7.9,8.073757047203792
8.1,7.99703463799354
8.2,7.95215684038685
7.8,8.147422749098483
8.3,8.419730055255384
7.5,7.795735797200874
8.5,7.645195530100798
7.1,7.711866156363147
8.3,7.883707081953662
7.1,7.632265626132098
8.0,8.043554604558379
8.7,8.10789600095966
7.1,7.640077476235668
8.6,7.754433409871407
8.0,8.129716623431225
8.0,7.970956850254867
8.5,8.23940741000132
7.8,8.061425574474246
8.2,7.703775038116231
7.8,8.326540339276923
8.3,8.074134361534156
8.0,8.009218973211125
8.3,7.457895149762123
7.8,8.166386525689246
8.6,7.73508437508522
7.0,7.5081759758805
8.3,7.694294012492341
7.1,7.776421047516032
7.8,7.649723635484849
8.2,7.888581149457368
8.5,7.95151596958541
7.8,8.220965185390577
8.3,7.751527771414409
8.3,8.701857396351004
8.2,8.012906913240494
8.0,8.28213109830324
7.9,7.793919810727176
8.5,8.250558600282861
7.2,7.903487286129871
8.4,8.05589173923084
8.6,7.721064261003109
8.2,7.943287223806475
7.8,8.098479116816936
8.8,7.671987066526629
7.2,7.852630547700512
7.9,7.71526128352234
8.0,8.102614286337209
8.0,8.15761608808683
6.4,7.664920363687726
7.4,7.816165730585266
8.1,7.914178677673236
7.7,7.47487062965128
8.5,8.26162407364453
8.5,7.9958362620097425
7.8,7.883902029485753
8.7,7.951536009652068
8.6,7.80221184677284
7.9,7.898731510046962
8.3,8.269637635165703
8.0,7.820543876107049
7.1,7.897427858315579
9.3,8.221258508370582
8.7,7.990490134265951
7.1,7.8026260500166
8.2,7.726732311889986
8.1,8.473090985553995
8.7,8.139445006403507
8.3,7.697301324888727
8.6,7.729823333178735
7.9,7.83521101841747
7.5,7.710318594299341
8.2,8.031927024472594
8.0,8.249130017253469
7.7,7.727988276587705
8.2,7.945629347042407
7.1,7.331904443674353
8.2,8.125627280139787
8.0,8.210438267276865
6.4,7.806809069650516
8.6,7.943303425174041
8.3,8.001236713710961
5.5,7.7966821687585295
8.4,8.187289219925194
8.5,8.336648376934441
8.3,8.023556285435445
8.6,7.766819383038301
8.4,7.855349986525729
7.8,8.484684953022912
7.9,8.10225005435758
8.2,8.016903102463324
7.5,7.9404941623853835
7.1,7.798511690307775
8.2,8.00431236024653
9.0,8.009538235632697
8.3,7.704497245280676
8.6,8.132899133743077
7.2,7.906354980507829
8.6,8.309638896054997
7.7,7.977858446589434
8.3,7.716773009729142
8.3,8.367524899728796
7.2,8.0651427907763
8.1,8.434988288110056
6.8,7.894715559095394
8.3,8.166356498070334
8.2,7.7787776053195605
7.1,7.759521943210351
6.9,7.681358717025913
7.8,7.901438835840705
8.5,8.435397882070868
7.4,7.7211046170174775
6.9,7.889730372804163
7.8,8.236860461508735
7.0,7.775688895530272
8.3,7.697323097226377
7.5,7.943363821607102
8.5,8.314328805209957
7.9,7.900033205270602
7.7,7.95793764676176
8.1,8.419203197546835
7.4,7.862036769906361
7.2,7.931227325273158
8.3,8.144906510656115
8.0,7.925924139749076
8.3,7.737817177355083
8.0,8.175471745466417
7.2,7.758033708956573
7.9,7.864933301435601
8.2,8.374781442592733
8.1,8.031497396950574
8.6,8.186315069515672
8.0,8.075000799641732
8.2,8.339934333250653
8.6,8.067128966703038
8.4,7.976966469671672
8.1,7.822685478824718
8.1,8.049671905354796
8.4,7.906181542202595
8.1,7.976822144110908
8.2,7.695006634938755
8.0,7.768098362727071
7.9,8.06681566745911
9.0,7.96164574209323
7.5,8.375624464435788
7.5,7.754798312235991
7.9,7.810916590912984
7.7,7.766728676080915
8.3,8.23777912758868
8.8,8.436764497730127
7.7,7.857643447844151
7.7,7.699291684370511
7.4,7.985600489194437
8.3,8.181378273001721
8.6,7.989907783386369
7.8,7.771025656430843
8.2,8.110649176962465
7.1,7.844265457422422
8.6,8.103078630927069
7.5,7.282137532723203
8.4,7.950026447646462
7.2,7.907415413998297
8.0,7.92680665546726
8.0,7.749593058854988
8.4,7.97018070842981
7.4,7.881852151994126
5.5,7.738491856762554
8.0,8.20122446830497
8.6,8.44844285887562
8.2,8.034117036069404
8.0,8.200508416991738
8.0,7.806717034960209
8.4,7.824835209017357
8.3,7.9542550853409315
7.4,7.756441541323717
7.5,7.977515752943876
7.8,8.141457181657753
7.8,7.8537706076577
7.8,7.81347379307427
9.0,8.114280797225453
8.3,8.198082175021565
8.3,7.807970139383925
7.4,8.067426497200861
8.5,8.139066843223587
7.8,7.745242118028244
8.6,8.014079021641269
7.8,7.765327288354313
7.7,7.713321129454473
8.3,7.7403137744572685
8.8,8.475345471711021
8.6,8.044736825431364
7.0,7.701077755765569
8.2,7.998249406131861
8.5,7.690162340429202
8.6,7.849711318441677
8.2,8.05978765388651
7.4,7.890818586203872
7.8,7.810841676270467
8.1,8.063361545649006
8.3,7.709439436162525
7.9,7.81123319490962
8.3,7.9682449636630395
7.7,7.90121450895973
7.1,7.760248212430972
7.9,8.113613425283228
7.3,7.892147019755996
8.5,8.374600244446764
7.7,7.940704139761694
8.3,7.742121666187662
8.8,8.657409406777882
7.9,8.019711798528078
7.5,7.8614539799765595
7.4,7.8547728916540205
7.0,7.726906653604805
7.9,8.007364093548256
8.5,8.246831372624918
8.0,8.015595993703835
7.8,8.005629003168755
8.1,8.40645112140518
7.7,7.755887741243309
7.7,7.830405518076979
7.5,7.365954090483335
8.4,7.952326247512505
7.8,7.869550623043207
8.6,7.834734651285659
8.0,8.127512132747926
8.0,8.004493386104876
8.5,7.956805308102994
8.6,7.912215450272082
8.0,7.696341095156186
7.4,7.712349796011595
7.8,8.040129379308643
8.3,8.236025446953187
8.3,8.527243651643799
8.3,8.17491046469628
8.4,7.830520833549237
7.0,7.675250822770095
7.4,7.735875650234728
7.1,7.59682837177534
8.6,7.745775215412359
7.1,7.755182696129077
7.1,7.638323795600172
8.3,8.296607141633928
7.7,7.668213533687361
7.7,7.843159559062399
8.0,8.241477592662218
8.2,7.942759687820687
8.1,7.911515465977189
7.8,7.745242118028244
8.2,8.00111595501963
8.7,8.042019260146482
7.8,7.716064805048131
8.5,8.26331264126828
7.2,7.753410369099359
6.2,7.690707431431074
7.7,7.899421094529106
6.9,7.950713441947542
8.6,8.53803999679819
7.7,7.8994608283242345
8.1,7.985805596278622
7.0,7.7697921164182775
8.3,7.5568983929114415
8.6,7.771964321695073
8.0,8.10836609020301
8.0,8.233340670866113
7.7,7.81270928620971
7.5,7.795729576532974
8.2,7.787824225672556
7.4,7.925633795414806
7.9,7.841176556713059
8.0,8.254553665667451
7.5,7.757189694920757
8.6,7.874581698363245
7.5,7.947508884927364
7.9,8.17064359914189
9.1,8.251250420186524
7.4,7.8928335030292125
8.0,7.88786462072994
8.6,8.056056036805925
8.5,7.968356812563278
6.5,8.417122977999991
8.9,7.689433728682182
8.2,8.132177515656645
8.0,8.124062520343182
9.1,8.437684510909062
8.0,8.098395012860026
7.8,8.22452494243762
7.7,7.7308330531378235
7.5,7.784292032014773
8.5,7.713606343668606
7.7,8.057292085518798
7.2,7.745120242458836
7.9,8.093772721224472
8.2,7.82560807209186
8.5,8.271189604383594
7.5,7.7800779259952435
8.3,7.700511607472732
8.6,8.582679140247157
8.2,8.006136739651957
8.5,8.284037957869586
8.0,7.870848300643733
6.4,7.474163741189741
8.1,8.03883097051719
8.1,8.49397572766762
7.7,7.852565664289146
7.9,7.584028884170804
8.0,7.875379788073686
6.9,7.981004289287913
7.8,8.147893166260388
8.0,7.81336972805275
6.5,8.416325850438403
8.2,7.93308399101814
8.3,7.893581639498552
8.1,7.8824700459438715
7.7,7.819724008751691
8.5,7.976864626043931
7.1,7.80910612449155
8.3,8.25260570023423
8.0,8.07974222791885
7.8,7.940515769952409
7.8,8.262378974341965
7.0,7.764219589645245
8.3,7.7627969182736605
7.4,7.864915376369907
8.1,8.125888267208007
8.5,8.240993069543796
8.2,8.291994111809963
8.7,8.111653523627435
8.3,7.755820105648915
7.5,7.86094083173883
5.5,7.7153751574764815
7.4,7.941958619006798
6.4,7.698877997811405
8.7,7.703954094965356
8.1,8.205653955478246
7.4,7.711539086278413
7.0,7.783502710477603
7.2,7.88955975661871
8.7,7.8133739597575875
8.4,8.052295374737579
8.4,7.94771494698286
8.2,7.976387553415385
8.3,8.272029017850468
8.3,8.080498603679748
7.5,7.919484866460218
8.1,8.016012168490636
8.5,8.236210304174264
7.2,7.858688717168586
7.4,7.9994053168537125
8.3,8.276014655658411
8.3,8.178951113543436
6.9,7.990229628888561
8.3,8.127265357703402
8.3,8.209252406956766
8.1,7.817398456459229
8.2,8.002273879181494
7.2,7.900936477932787
7.9,7.80986236195895
7.4,7.876948566632229
7.4,7.891440759487101
8.5,8.00093787840391
8.2,7.974499789443113
8.7,8.36815364224055
7.7,7.776772483356933
7.1,7.815639723546196
7.1,7.889137731675056
8.5,7.5664944662167875
7.0,7.727544355654076
8.2,8.05660392828675
8.0,7.852747829595232
7.7,8.00559848573272
8.3,7.698598501324919
8.4,7.8253528074575
8.9,8.382857246781862
8.2,8.125627280139787
8.2,7.961789623271598
7.2,7.851514569114288
7.4,7.740349334789813
8.3,7.955085804400242
8.3,8.033609423713314
8.7,7.771582640768396
8.0,7.730155090795448
8.3,7.856913771665472
6.9,7.7663325150912685
8.3,7.737657751842766
7.4,7.783121141309079
8.3,8.182139623789789
8.3,8.257521296229553
8.0,7.87155357577806
7.4,7.803377128615258
8.0,8.10072921728151
7.0,7.708251903819868
7.1,7.791566471186217
8.0,7.817041995008617
8.2,8.035604419657258
8.3,8.16933057176516
6.4,7.7475027790683155
7.1,7.530548632022259
7.9,7.626754921471959
7.9,7.9931377044641625
8.0,7.840146749851465
8.4,7.9385687353978955
8.7,8.232990280451533
8.1,8.289033498420425
7.8,8.098957393353889
8.3,7.745419537431027
8.3,8.140884192873015
7.0,7.675250822770095
8.4,7.830135572827032
8.2,7.9574412596251145
7.4,7.881051914098587
6.9,7.652650335746148
7.8,7.896815495983491
8.7,8.025563746975854
7.7,8.184085035240653
8.0,8.170217569651367
8.0,7.746097486646569
8.8,7.813620163347485
8.8,8.349117797986846
8.0,7.9023344887179565
7.4,7.573363563927295
8.5,8.169357690563958
7.5,7.904145145576938
8.3,8.229940682598585
8.6,8.248172168294955
6.4,7.507971774019912
7.8,8.132277325428298
7.4,7.707338483529853
8.1,7.98051236884166
8.1,8.156329058774354
9.0,7.994965674167638
8.6,8.138009139283396
7.4,7.842034379434644
7.0,7.726747228092488
8.2,7.926498285564278
7.2,7.890095543095181
8.0,7.604999711865399
8.0,7.870487239887306
7.1,7.853266991403565
8.2,7.942295835954929
8.4,7.781504970249386
8.1,7.768002528099733
8.3,8.385380557108382
7.9,8.090018449460201
8.0,8.098395012860026
8.2,8.09150369081314
8.5,8.250284390845895
7.8,7.674098055275605
8.6,7.885910240739654
8.2,7.916161763088337
8.3,7.926990170967941
8.1,7.873731619557884
7.9,7.798798004948836
8.6,7.733340025451575
7.3,8.069522023687345
8.0,7.833143971752709
7.9,7.855367770696536
8.2,8.24065909684365
8.3,8.224292402559229
8.7,8.11484203387379
7.5,7.710318594299341
6.9,7.803244843053632
8.3,8.332085386799463
8.4,7.826787637068359
8.7,8.268861020723026
7.1,7.795445734263415
7.1,7.33987571929024
8.3,8.178446242119954
8.6,8.644057962489487
8.3,8.115075860507678
7.9,7.939927101837851
7.1,7.808787273466915
7.7,7.522530998459237
8.2,7.974499789443113
7.9,7.637006403031755
8.5,8.242587324666975
8.0,8.172494995345243
8.4,8.00805444457363
9.0,7.861342796396852
8.3,8.236344297977823
7.8,8.015569991036664
7.1,7.829512590068221
7.7,8.02976910272763
8.5,8.309451727339852
8.6,8.123908174204827
8.3,8.183112462495854
7.9,8.471162793088538
8.0,7.743544713605724
8.0,8.058955904968295
8.2,7.95105945448581
7.8,7.90405858553977
8.2,7.969213405361087
8.3,8.129564981498456
7.8,8.124065792538254
8.0,8.339836913094363
7.8,7.8611041812243165
7.7,7.6321735436847415
8.0,7.94074424812396
7.0,7.758470940199956
7.5,7.847389663191822
8.6,7.726827253271532
8.0,7.8705612224051995
8.0,8.023248418295086
8.6,8.458167815127002
7.9,7.957290340496822
7.2,7.806977341238119
8.0,8.026494106804725
8.3,7.824072116128017
7.9,7.499659433724025
8.0,7.538031561424669
8.3,8.039906280050586
8.2,8.118461027066033
8.0,8.395637905434386
7.9,7.868945230368642
7.7,8.019667664611811
8.3,8.323550053215627
7.8,8.140408026556502
8.0,8.20130629324567
8.5,7.9372688376613185
8.6,7.901430484918876
8.2,7.6462305234822585
8.2,7.889181798177581
8.7,8.375994965000547
8.3,8.27109905966309
8.8,8.472353719008462
7.5,7.920406547833347
8.5,7.88769900311958
7.9,8.107555255815154
8.2,8.042140865662285
8.0,8.065075080785618
7.7,7.849720068481099
8.7,8.232033727377626
7.9,7.7190812751500655
8.2,8.048667487448503
7.8,8.321438722882753
8.6,8.20696886612237
8.1,8.400072136068708
7.5,7.928537248961552
8.5,8.231333226304159
8.4,7.930438034269691
8.2,7.994254128299318
8.3,7.75775503269136
8.0,7.834407431408026
8.5,8.234305793607152
8.2,8.733737988769168
7.4,8.045904053037965
8.3,8.016372867752859
8.2,8.32711622311242
7.9,7.8749869132565
8.2,8.241982999534745
8.4,7.875731269349906
8.3,8.019184893136803
7.0,7.666651176106787
7.2,7.7966146829374665
8.0,8.080322751704838
7.4,7.872662034561108
8.4,7.856297050569287
7.8,8.199395466114067
7.8,7.68366047568072
8.5,7.695112984239748
9.0,8.219023358818209
8.3,8.125192826043271
8.5,7.897882603576188
8.7,8.025563746975854
7.1,7.738796626609044
8.3,7.87747966275446
8.5,7.64903901117992
8.6,7.729823333178735
8.3,7.486635919615374
7.9,8.152600735269719
7.8,8.185206595517787
8.7,8.028752257222209
8.5,7.709939556885298
8.2,7.921077818145474
8.6,7.740514173505874
8.2,7.912642690663829
7.9,7.855208345184218
7.4,7.727541897777097
7.1,7.410660646759317
8.0,8.149512853447774
8.5,8.208810166310439
7.7,7.701817609895994
8.1,7.878006131598975
6.9,7.761230898697101
8.2,8.092311369789615
8.2,7.974074329904728
7.7,7.650826328625917
8.3,8.271258485175407
8.0,8.265385198841978
7.5,7.87432013343772
8.2,7.701767346300245
8.7,7.984113113773241
8.3,8.159979477577624
7.0,7.780473625743566
8.3,7.909843041754963
8.2,7.960344969441929
7.7,7.723683787755125
8.2,7.726923679967178
8.0,8.065177328034652
7.4,8.237539686542778
8.7,8.157845788903254
8.7,8.1852001284387
7.8,7.9607865601122185
8.1,7.840062859667352
8.8,7.916449618792429
7.8,7.974278783346367
7.7,8.083916146075861
7.8,8.306465726081415
8.1,7.865725999972886
9.0,8.101828744033625
8.3,8.012000712297676
7.4,8.223721396117352
8.2,8.039551293000038
8.7,7.767240117412759
8.0,8.056249499344858
7.4,7.92846348839916
7.2,7.883820438175271
7.8,7.921221899609639
7.4,7.807875603944743
8.2,7.877324036033173
7.7,7.9150604651177
7.9,7.596837610151381
6.9,7.802362680875079
7.0,8.366737615999238
7.7,7.908827199755852
8.6,7.777332135849422
7.1,7.872557478394011
6.4,7.769184648743528
6.9,8.00667179677107
8.5,7.692723566398744
8.7,8.047892649702188
6.4,7.610875115012011
8.1,8.13704364015247
8.0,8.029943719209468
7.2,7.952430918411418
8.0,7.741075933617092
7.0,7.698847763436882
7.1,7.834940034755452
7.4,7.898066935690171
7.1,7.703892263630269
7.0,7.784299838039193
7.9,7.784513705500428
8.3,7.930863159312773
8.1,7.827946520731204
8.7,8.241643767344556
8.0,8.18091967937437
8.0,7.4197901308414815
8.2,7.989774360391512
7.2,7.907415413998297
7.7,7.8644987448738135
7.4,8.03602790069012
7.4,7.541057660146264
7.7,7.621307726175535
8.4,8.431335491688493
8.0,8.003319658652405
7.9,8.443582179457568
7.8,7.865127659065219
8.2,7.669882243836696
8.0,8.088134601808408
8.5,7.718229683525821
8.1,8.150914962307942
8.7,8.315285358047289
8.0,7.825210394389067
8.2,7.954227407203219
8.3,7.886027558509057
8.3,7.995497395267523
8.2,7.98008557690552
8.5,8.269595349260417
8.5,7.994407653066783
8.4,8.004092620960487
8.3,8.136748399181041
7.7,7.91536364576088
8.7,8.195948486347193
8.5,7.984517050635183
8.2,8.035392440167945
7.7,7.884450766752694
8.0,7.893763364685696
8.2,7.890922683379464
8.5,7.649995564253827
7.4,7.766147835571399
8.3,7.906813957020925
8.3,8.007763890087702
8.8,8.406825903758346
6.4,7.769184648743528
8.3,8.210836216006983
8.6,8.529749870157668
8.2,8.071749351956935
7.0,8.019828553203867
8.3,8.283215398599237
7.1,7.845611719861932
8.2,7.895430629864799
7.4,8.01103346244395
8.3,7.828836990290441
8.6,8.14406730875147
7.8,7.874177073234371
8.5,8.254712259183822
7.7,7.53372222182167
8.5,8.043026213655793
8.0,8.21298907547395
8.6,8.19214229347682
8.5,7.692918897484756
7.8,8.260378751665058
7.8,7.8708669775086575
8.3,8.0117862078708
7.6,7.991970790263737
8.8,8.375259652319432
7.4,7.7142330573514615
7.1,7.858525186359668
7.9,7.945947752818111
8.5,8.393947248868255
7.0,7.767239343377431
8.3,8.348393838250667
7.5,7.884570679262633
8.3,8.191705154528854
7.5,7.87432635410562
7.5,8.237238688773735
8.3,8.344753646353887
9.0,7.910310727126918
8.2,7.6647806274425285
7.7,8.061277723326743
8.0,8.161928191703188
8.0,8.101264672081745
7.5,7.932522886769496
7.1,7.743101115441624
7.5,7.8244261687501675
8.6,8.252086286108291
5.5,7.745187728279899
8.5,8.37635392508226
8.2,8.572696448990598
7.7,7.903765317156814
8.5,7.939660220346084
8.3,8.227462999069907
8.1,7.863020133441108
8.0,7.961316603483614
8.1,8.075977114887223
8.4,7.522271913654156
7.2,7.905342882338166
8.3,7.709598861674843
7.8,7.709012242473191
7.4,7.87106777943793
8.7,8.1258938378565
8.3,8.109336542064241
8.6,8.16581335882772
8.5,8.071707609069504
8.1,7.95439713334007
7.8,7.786971317996567
8.7,8.038327118963124
8.0,7.869331442824421
6.4,7.691544424244788
7.9,7.780306892547978
8.2,7.987079980245019
7.9,7.930642903635608
8.0,7.869262665648447
8.5,8.384704371020828
7.1,7.38786279849788
7.8,7.706788434779653
6.2,7.693577090652793
7.7,8.041885441663778
5.5,7.827451292635854
8.2,7.943446431563129
8.3,7.715019329093646
7.9,8.113135148746274
8.2,7.976765797210656
8.9,8.35958112198347
8.6,8.150754791122663
8.3,7.694294012492341
8.6,7.782761934270075
7.1,7.764145283067566
8.6,8.231177818877994
8.0,7.511566926379924
7.4,7.9141689124342625
8.6,7.861349380840872
7.6,7.619416266171633
7.7,7.945510737970389
8.0,8.046205692068842
8.3,8.060472171139574
7.4,7.638922446620758
8.5,8.55996224128124
8.5,7.776970987383834
7.4,7.8928335030292125
8.7,7.765546306062266
7.7,7.676653261621391
8.1,8.073936132405157
8.8,8.29492884254891
7.7,7.62449623642189
8.6,8.08843316971276
6.4,7.670340831106529
7.4,7.71736362880217
6.9,7.625400362202385
7.4,8.005823178717263
7.9,7.888368851746309
7.9,8.091453279071061
7.4,8.116823506258863
7.7,8.29297266015367
7.8,7.873098934681106
7.1,7.7579375123059835
7.0,7.781430178817473
8.1,7.733186583090245
8.2,8.205585484133746
7.2,7.9455181114422375
7.0,7.739818155258781
8.3,7.76773910915551
8.5,8.365194139220018
8.0,8.152063661644858
6.4,7.712269740846095
7.4,7.926328759596825
8.6,8.056056036805925
8.6,8.155131849502432
8.2,8.028628209807971
7.8,7.959777794879342
8.3,7.617929192092142
8.0,8.062626519837568
7.9,8.04282849781415
7.1,7.563549713072032
7.0,7.71176122993462
8.2,8.17457493414557
8.8,8.536761625984829
7.1,7.892961097020301
7.5,7.855514143652127
7.1,7.830476120410556
8.3,7.949235235925728
8.5,8.311467741568938
8.3,8.356916403402193
8.3,7.597622968544177
7.9,7.53196075763991
8.0,8.125387026700592
7.7,8.054001780599927
8.3,7.968047446379221
8.6,7.905997855291689
8.5,8.314234492709383
8.1,8.468465680853019
7.9,7.749218917646019
8.0,8.302212492187376
8.5,8.178923221303021
8.7,8.321343527515364
8.4,7.941743072411336
7.7,8.10366084618959
7.7,7.862745064238318
8.2,7.96094072591556
7.1,7.768928048437098
7.2,7.868413673419968
7.9,8.070974872963035
8.3,7.763791381264802
9.0,7.6814254079597095
7.1,7.337643762117791
8.2,8.084648393783477
7.7,7.821308017861694
8.5,8.048943634080036
8.2,8.038154443671797
8.3,8.102940920941393
8.5,7.912760373288716
8.7,7.962147078475294
7.9,7.975186618232447
8.2,8.108610695897429
7.1,7.779293553688133
8.3,7.999061608844725
8.2,7.95215684038685
8.3,8.17229101879961
8.5,8.184397012670997
8.6,7.9769766332947745
8.3,8.269391908809473
7.0,7.772819236308552
7.8,8.073441452008003
7.9,7.91501920342847
8.4,8.041533802160357
8.0,7.788174032835881
8.2,7.768374313169791
7.2,7.860920674341035
7.8,8.042353477106044
7.8,8.264451506002096
7.4,7.837251614065112
6.4,7.769344074255846
7.2,7.746555072069696
8.6,8.265708974649908
7.8,7.661340903956236
8.0,7.8148100378361685
7.8,7.72176628345861
7.8,7.922361417987288
7.4,7.857535272894623
7.7,7.881730287030118
8.4,7.907472640023283
8.8,8.150878509597222
8.3,8.015771845678744
8.6,8.551272314320562
8.5,7.871788016623056
8.6,7.738760492870378
8.3,7.763791381264802
8.6,7.814647036733624
8.0,8.283721668330163
7.2,7.892486925779947
7.8,7.685736117674801
8.3,7.751527771414409
6.2,7.749535445476321
7.4,7.948698087127712
8.3,7.820706289162236
5.5,7.747579110964665
6.4,7.463322806352134
8.4,8.030454079550049
7.7,7.446485029083674
8.6,8.172532955461739
8.4,7.873349527627026
7.4,7.861920852620458
7.7,7.919030432544187
8.4,7.945240792720441
6.4,7.704936167279478
8.3,7.759996814082618
7.5,7.713819734902431
8.6,7.823096588886464
8.6,8.148522833950215
8.3,8.386655961206925
7.0,7.762137726983264
8.5,8.3183144430179
8.0,8.213439226404187
8.0,8.264119196406517
8.6,8.231520395019302
8.3,8.097335697309711
8.1,7.829889603670505
8.0,7.842428349719383
7.7,8.12227593280066
8.4,8.050311846299719
8.4,7.855803080310189
8.8,7.79496737840631
7.4,7.825772977178234
7.7,8.059741099043366
8.4,7.77943825990999
8.1,8.612269457807383
8.3,7.860194033073464
7.8,8.131572799894053
7.2,7.952430918411418
7.9,7.866458418831748
7.9,8.141512889938832
7.8,8.547179753851466
7.2,7.968530930311748
7.7,8.008884360614006
8.7,8.303344550945473
8.6,8.352205507843834
7.1,7.638323795600172
8.7,7.936331716921586
8.0,7.600101136497843
8.1,7.770872187321452
8.6,7.782761934270075
8.3,8.213068173179431
7.7,7.6626238165374305
8.9,9.223894227872558
8.6,8.592244670986222
8.0,7.876980507467529
8.5,8.346119595172933
8.4,7.873263232730474
8.3,7.688076417511948
8.5,8.356744587067176
7.8,7.81072571933191
8.0,8.190828929261784
7.9,7.733726104798099
8.1,7.8630157662634845
7.9,7.983754975541567
8.5,7.981806816925781
8.7,8.234265684550076
7.9,7.6108670552353415
8.3,7.818272849980644
7.9,7.827671760783599
7.7,7.679657463683828
8.6,7.720156924723092
8.0,8.185886738379933
7.8,8.331482530158771
8.5,8.083491168621176
8.9,9.223894227872558
8.4,7.780251081193724
6.9,7.902726362739902
8.2,7.803926202416648
7.1,7.872557478394011
7.2,7.770150047892721
8.2,7.665512915159973
7.8,7.771028766764792
8.0,8.206644935723773
8.1,7.837990328007222
7.9,7.893470468140476
7.7,7.644424425461607
8.5,8.26906055529242
8.5,8.455379105200803
7.6,7.6106066012751565
7.7,8.238900176832889
8.4,7.52352751025881
7.5,7.641058879254173
7.1,7.713447970150524
8.4,7.812614460194226
9.0,7.968341613610575
8.3,7.9433315430514915
8.6,7.704848145853066
7.7,8.030189748424782
8.1,8.14821997092753
8.9,7.668070710031605
5.7,7.766623884890863
7.7,8.297117723473932
8.4,8.57890840511419
8.5,7.922181675318946
6.4,7.787837433684704
7.0,7.763415095925568
8.0,8.26458807128039
9.0,8.134368411777489
8.2,8.07465306177375
7.7,7.687972472995951
7.8,7.737708834690385
8.4,7.917045911180695
8.1,7.989417125647254
8.2,7.87170516877581
8.1,8.164777125248206
7.2,7.847847782330979
8.3,7.881305875050087
7.0,7.532690172745955
8.3,8.191490717977326
7.8,7.935708294468841
7.7,7.9638208390477665
8.4,8.071718894315733
8.6,7.945718481683792
7.1,7.800653725388329
8.5,7.971763009649763
8.3,8.536907806808923
8.4,7.861760409362391
7.2,7.770787749941992
8.7,8.302066036512981
7.9,8.176701768609965
8.5,7.743261453803468
7.7,7.615090131195143
8.3,7.782944263637564
8.7,7.853908727053314
8.0,7.834069481372867
7.7,7.84919389569131
7.5,7.828411806558111
8.0,7.990087911732996
7.5,7.852803909942725
7.4,7.904965740946248
8.0,7.92066147930855
8.3,8.101756402996234
8.5,7.879322166291824
8.6,8.279188623202307
7.5,8.00569919692334
7.8,8.184887744493151
8.0,7.86274937230163
8.5,8.212934179375873
8.3,8.318262416422613
7.9,8.499994143159673
8.0,8.182968429641607
8.0,7.838761562936075
8.2,8.050102317059363
9.3,8.434238426631808
8.4,7.856297050569287
7.9,8.154727876957553
8.0,7.802532153163288
7.8,8.232811139390618
7.9,7.757030767749588
8.1,8.434986323266292
7.5,7.757189694920757
7.1,7.74434176129147
8.3,7.878209115965369
7.9,7.670166909593846
7.9,7.752075767959503
8.6,7.905360153242419
8.6,7.758820514767796
7.7,7.703252439506854
7.8,7.494635107720171
8.0,8.241318167149899
8.5,7.904326017939359
7.7,7.5159945524542096
8.2,7.746692443494578
7.5,7.836264749030357
8.3,8.01766687248154
8.6,8.10515909459979
7.4,7.892814841025512
6.9,7.638939741686822
7.0,7.744919771652948
7.1,7.493721338676861
8.0,7.953260618387597
7.4,7.866745333843894
8.7,8.328007885792907
7.8,8.042353477106044
7.4,8.021529402362404
8.3,8.240967637835036
8.6,7.877445923695785
8.5,8.240993069543796
8.3,8.210571742386007
7.4,7.768294568663529
8.0,7.954939582990905
7.9,8.13609242252003
6.9,7.791362320525154
8.5,8.312743145667481
8.2,7.629492809532658
8.6,8.099579201668668
7.0,7.750659090096387
8.2,7.7769832908349485
8.1,7.819815819602999
7.2,7.814789191341689
7.8,8.093847917584673
7.7,7.970835561589747
5.5,7.796044466709259
8.3,8.275722399520305
8.2,7.990197298754134
8.0,8.178553164813318
7.7,7.932412048277409
8.0,8.145683383669146
8.0,7.926242990773711
8.0,8.027133776789652
7.4,7.8480073248224
8.1,8.297642476085583
8.1,7.808815459253075
8.2,8.174411486909015
7.8,8.479742762141061
7.7,7.582474991090708
8.0,7.889728084182283
7.9,7.888368851746309
7.8,7.912158185198953
8.5,8.449801177113443
7.4,7.857658079641782
8.3,7.975419111717337
8.3,7.682018248043875
7.8,8.180835283200235
8.5,7.845205106655827
7.9,7.562825291032545
7.8,8.011208896099875
7.4,7.810965066536385
7.7,7.689566728119129
8.5,8.167657333877635
8.5,8.237710246796867
7.7,7.842035299306762
8.5,7.933804540914657
8.8,7.936537233344464
8.0,8.172494995345243
8.1,8.55678937952081
8.7,8.164634237349711
8.1,8.39847788094553
7.4,7.7074979090421705
7.7,7.742336572696301
7.9,7.873632566886046
8.7,8.153104156830047
7.9,8.127784965375854
7.0,7.712565723654297
8.2,8.022638399182526
8.3,8.040420789412277
8.2,7.679064083706981
7.2,7.7459173700204245
8.6,8.188538637541969
7.0,7.746992303313078
7.1,7.726202011135943
8.2,7.9577660051810355
8.3,7.736172857716597
7.9,8.014291331109275
7.9,8.021196594632086
7.9,7.961275978304766
8.3,7.820706289162236
8.2,8.153246833412219
8.3,7.874910963350269
7.5,7.80801156164934
7.7,7.786975716145269
7.7,7.613361333231248
8.4,7.773612146319703
7.7,7.798974859311222
8.6,7.8605468193901045
8.4,7.996904299673275
8.3,7.996865321412319
8.3,8.200765813844438
7.7,8.119525666162518
8.2,8.330301724656083
7.7,7.907886317063402
8.6,7.738751161868528
8.1,7.857914149869317
8.2,8.486787870188985
6.2,7.690707431431074
8.3,8.191678559642327
8.4,7.869363889819082
7.9,7.773292170005997
7.8,7.3871921366368225
7.3,8.26569809107493
8.7,8.105276503134725
8.2,8.651474424413212
8.3,8.147879424273633
7.7,7.8562324510724535
8.7,8.149396236750412
7.1,7.673237982797757
7.9,7.7256469878804195
7.8,8.295447503455161
8.2,7.675780987792453
8.6,8.146233640460597
7.9,7.991421542316481
8.2,8.530629886076365
8.4,7.898930740213631
8.2,8.022641509516475
8.5,8.032822980867458
8.0,7.956055561577129
8.2,7.845695686643896
8.6,8.33546582905047
7.2,7.845456399646213
8.2,8.629790589894238
8.0,7.875588856281474
7.9,7.988036088069995
8.0,8.03217624698488
8.4,7.794105407043222
7.2,7.8430650169614475
7.4,7.81766093805373
8.3,8.236025446953187
8.0,8.063002549125487
8.5,7.788538299301707
8.1,7.9296556304123005
8.0,7.9436139073456795
7.9,7.819366143065825
7.4,8.005108574593676
7.7,7.797396155857794
8.3,7.676097731750467
8.0,8.152759112560375
8.4,8.142633391164605
8.7,7.625570706247288
7.8,7.983844314085432
8.3,7.7848220485721225
8.0,8.007882658955962
8.6,7.959883678455086
6.9,7.775579194805698
8.7,7.778399903275001
8.2,8.00255078463049
7.8,7.892708272696188
7.1,7.707195616921436
7.7,7.937515629515339
8.2,8.015617146949895
8.3,8.322513463920872
7.7,7.901533359984365
7.4,7.950621110084484
7.5,7.7800779259952435
7.8,7.81710273982462
8.1,7.928254640635493
7.0,7.77090613016074
8.5,8.014967323487872
8.0,7.7966355294319465
8.6,8.370380016248056
7.0,7.6932689956813975
7.7,7.855778237949173
8.5,7.999444787465238
7.3,8.311931489647074
7.0,8.406275143054037
7.5,7.710318594299341
8.0,7.707937163769952
8.8,8.280231576858938
8.8,8.569884800515442
8.6,8.119603685372248
8.5,8.368701500491008
8.2,7.865255175896308
8.0,7.96786685536421
7.2,7.925169155805084
7.4,7.781845737210537
7.7,7.867543381277601
8.5,7.776970987383834
8.3,8.223430831480085
5.5,7.719679646309061
8.9,7.630924565661571
7.1,7.338281464167062
7.4,7.866745333843894
8.3,8.114578983340587
7.9,7.864640741536063
8.3,7.761031364411829
7.7,8.055492361889621
8.6,7.871286415869026
9.0,7.923279804677009
8.5,8.26082694608294
8.9,7.711115598357395
7.4,7.718338843879777
7.3,7.726907862923873
7.9,7.78301712625738
8.3,8.266167314854199
8.4,7.920370412798873
8.3,8.287965401383357
8.8,8.028455200755344
8.0,8.281168324561435
8.6,8.320160979867968
8.0,7.927752536416759
8.3,7.925239642099102
8.6,8.35374410455888
8.1,7.802916715297319
7.5,7.641312786617388
8.3,8.11139974272252
7.8,8.279044537962763
7.9,7.855394061821634
8.7,7.6351362369863525
8.4,7.876528396911494
7.8,7.740897344936739
7.4,7.825772977178234
7.8,8.22452494243762
7.1,7.769690417749991
7.7,8.11442404976835
8.0,7.977173874632295
8.3,8.221969406982698
7.5,7.996127445516374
9.0,8.141152974431721
8.5,7.8816938158581396
8.0,8.164499422208605
7.4,7.992701123330365
8.2,7.978200626821516
7.1,7.695804789064827
7.9,8.103552287503557
7.5,7.812156624969601
8.3,8.208455279395176
8.3,7.8303004818927935
8.1,7.882306253253931
8.2,8.046913022630463
7.0,7.724035029539324
8.3,8.1898083340132
7.1,7.524490462554184
8.3,7.887728763754937
7.2,7.823238743494529
8.6,8.055758720457073
8.3,8.51357797938435
8.7,8.28977727607645
8.7,8.128614189445228
8.5,8.229833283681554
8.2,7.8510350961069
8.0,7.9670303586458635
7.9,8.130671955101226
8.1,7.876441853267286
6.5,8.294359438984046
7.8,7.845799332041813
8.0,7.678176022019242
6.4,7.7510101403393055
8.5,8.1310955676077
8.0,8.456705215286348
8.5,8.617355425715628
8.0,8.205814927419652
8.5,8.422169366415497
7.7,8.184085035240653
7.9,8.396551653323835
8.6,7.703098394905094
8.6,8.320160979867968
7.9,7.593977281931512
8.2,8.131366598583226
8.5,8.251993429893721
7.1,7.699064915793231
7.4,7.815643945821899
7.8,8.085238939919515
7.8,8.146458336649529
8.3,8.060472171139574
7.7,7.615115013866744
7.8,7.8740594174425365
7.8,8.257668517955658
8.0,7.923851608088945
7.8,7.751297843270351
8.3,7.93836231725273
7.8,8.249218965802818
8.2,7.715318514847253
8.3,8.169545008316689
7.8,8.281350610307777
8.3,8.266316294293556
8.8,8.535501940636383
8.5,7.777378513439465
7.1,7.6797744288027845
8.3,7.8630702847353025
7.7,7.817516114992915
8.2,7.949185750006567
8.0,7.940506577402179
8.8,8.041279794937221
8.4,7.856137625056969
7.4,7.816965968480805
7.5,7.2735285550580455
8.2,8.015467361462177
7.1,7.829831441092857
8.1,8.507666673289325
7.2,7.745120242458836
8.3,8.210571742386007
8.6,8.147893521047097
7.0,7.743644367554406
8.4,7.91035003966335
7.9,7.729581041477838
8.7,7.8783008304379285
8.0,8.229091052218042
8.2,8.271027369097803
8.0,7.883081855360407
8.2,7.9995216998964525
8.3,7.745138596323627
7.8,7.987678385756106
8.6,8.234620999747948
7.7,8.027455451301709
7.8,7.820288139737024
7.9,7.940527285399308
8.3,8.214024726253339
7.4,7.883343543886396
7.2,7.9039080527273065
8.4,8.061623381556155
8.6,7.774368351601636
7.9,7.7717596645150095
8.4,7.6163329659216235
7.5,7.905573754519898
8.6,7.766819383038301
8.1,8.050976782109768
8.3,7.602724584938344
8.3,7.7371891416023715
8.3,7.6212771278508145
8.3,7.695866495277867
8.6,8.239651096147508
5.5,7.834625440690152
8.6,7.797747932427943
8.0,7.974659975565057
8.7,8.270136424821567
7.7,7.7838532684801995
7.7,8.436924153058033
8.2,8.171226998386897
6.4,7.436708570013881
7.5,7.964873824434197
8.1,7.728624426557251
7.2,7.8823856085644115
8.2,7.873079821433489
7.7,7.895602271445523
7.4,7.826484880659505
7.5,7.929847524760871
8.3,7.964731286204406
8.4,8.021788852827756
8.2,8.070189147428852
7.8,7.883104901924165
7.7,7.937529216341328
9.0,7.910310727126918
7.9,7.70250102186902
8.1,7.99457236244414
7.9,7.808018393538167
8.9,8.404539116457075
9.1,7.687883793965888
8.2,8.00016342366996
8.3,7.847808626256253
8.3,7.588376288829748
8.4,7.774336643515823
8.6,7.12475557364273
7.9,7.962528006099157
8.3,7.9234083029302536
7.7,7.831830101674664
7.8,7.993728695849132
6.8,7.8956721121693
7.7,7.831864411101511
7.5,7.86094083173883
5.5,7.739129558811825
8.0,7.716843255744794
8.5,8.233724608988924
8.1,8.014297899408778
8.3,8.20599843959824
8.3,8.488867024975098
7.1,7.753144922717642
7.4,7.943755896245863
6.8,7.8956721121693
8.2,7.590851894648811
7.9,7.725145665286039
8.6,7.968014379583291
8.0,7.451579618394198
8.3,8.023368099153478
8.6,7.875228731414365
7.7,7.699426227211228
7.9,8.089772941232866
7.9,7.6814861209684056
8.7,8.024494025233297
7.8,8.073441452008003
6.5,8.394638086231904
8.3,8.191312113087696
8.6,8.279964137482516
8.2,7.844260857033036
8.7,8.000055665005016
7.8,8.029388905873429
8.4,7.914713865933087
7.9,8.019711798528078
7.1,7.782163212909852
7.7,8.07765881730034
7.9,7.949773965113737
8.1,7.769437357710593
6.4,7.818128281025075
7.9,7.906729076787947
8.7,8.412184556296674
9.0,8.0584170280701
7.8,8.107885222043683
7.8,7.837232124097138
8.6,8.194055399624634
7.8,8.270422558941076
8.5,8.303074706847141
7.1,7.49515616828772
8.2,8.299805961913531
8.5,8.288976998157981
7.0,7.679555311602674
7.7,7.625158821142761
7.2,7.911137745877361
8.2,7.575661766056911
7.9,7.935266243492823
8.9,7.801350438329237
8.4,8.098472144198285
8.0,7.943057385599262
8.6,8.54999691022202
7.5,7.774164509689451
8.0,7.979884678944661
7.9,8.060205878656785
8.2,7.628207345277621
8.2,8.319460789818477
8.1,8.064209099632139
7.7,7.922075187659681
7.9,8.013448741188705
7.9,8.061596548716555
7.9,7.936541647591365
7.7,7.668019401284633
7.7,7.628641299742151
7.4,7.959773556198963
8.0,7.934129556909468
7.8,8.221173076991423
8.6,7.775737880726244
8.4,7.9018866943319015
7.9,7.822873504336815
6.9,7.675619398582474
8.1,8.702344872266908
7.4,7.758017134443194
7.4,7.810965066536385
8.2,7.940049454111286
8.4,7.843291236414738
7.8,8.086841054417741
8.6,8.58809960766596
8.1,7.9161044618652925
8.6,8.150130842979726
8.0,8.024523251790665
7.0,7.718295711095886
8.0,7.883988765738844
7.9,7.755589717470828
9.3,8.215997466464097
8.0,8.224255952235644
8.2,7.985964001658795
9.0,7.827198676103963
8.5,7.776449484284118
8.7,7.775211393028646
8.3,8.061190037344282
8.2,7.965546618577779
7.8,7.950372815873754
8.7,8.201302105182792
8.0,7.95812809323726
8.2,7.420426021981145
8.3,8.063103143492095
8.3,8.103738048502981
8.0,8.056408924857177
7.2,8.00296684097238
7.7,7.86194793667673
8.6,8.62269494383891
8.6,7.782761934270075
7.8,8.032469095342343
8.2,8.18317989008649
8.0,8.081377820134442
8.3,7.693975161467705
6.2,7.743796127032882
8.2,7.886458769034568
8.6,8.331001914705574
5.5,7.711548945180856
9.0,7.861342796396852
7.9,7.955672709069494
8.7,8.090985427132281
8.7,7.746871686359146
8.6,7.765215796913274
8.0,8.240993095457364
7.1,7.863396518900551
7.5,7.641058879254173
8.5,8.039218677828654
8.3,8.291824376264396
7.7,7.7112485977943415
8.6,7.920336820398436
8.3,7.999691148589669
8.2,8.08863403159142
7.9,7.729443933450718
7.8,7.670909545029251
7.1,7.76589896370306
8.3,8.248274616515124
9.0,7.903614855609572
8.0,8.030560011204127
8.3,8.027569333590257
7.4,7.898949287332077
7.1,7.833814231950418
7.4,7.921250755114544
7.2,7.795237363266125
7.9,7.714291921540198
8.5,8.387570228375544
7.8,8.114035993539101
6.9,7.850509185595037
8.0,8.269051985625286
8.0,8.139412636305623
8.3,7.752643750000634
7.9,7.751477031209844
7.4,7.783340827088306
7.1,7.822976144063194
5.5,7.800667806566473
8.1,8.465438560962744
8.7,8.426532852405272
7.9,8.169731205619073
8.3,7.621625150912444
8.8,8.117080300985862
6.4,7.491062845495422
8.2,7.9916837671219785
8.1,7.356928165815631
7.7,8.041217616587375
7.7,7.945510737970389
8.5,7.893099838206656
8.3,7.982874019024771
8.3,8.334204967654387
7.7,7.70707865180248
7.5,7.866201873645315
8.7,8.063835200933962
8.0,8.025059277193865
9.3,8.225852375571368
8.6,8.150754791122663
8.5,7.83907618670643
8.7,8.073921120840916
8.7,8.346705179961948
7.9,8.218748180697919
7.8,8.123601524278167
7.9,7.820639300136366
8.3,8.279943312997258
7.8,7.675689200064833
8.3,7.972118697263027
8.3,8.085574293107117
8.7,7.64948453309495
8.7,8.057978569609142
8.6,8.111854966117134
8.2,7.900182158527505
8.6,7.762379142518388
7.0,7.7162231794357545
8.3,8.338423155643055
7.9,8.130440589057551
8.4,8.119516691878532
8.6,7.885750815227336
7.4,7.819995053214842
6.9,7.725200732913292
7.9,8.406436035087536
7.9,7.7526286030368805
8.0,8.132267431628309
7.0,7.7879666248225
7.4,8.01502901706085
7.9,7.885818043549225
8.6,7.808000382010168
7.9,7.7042609231724155
8.5,7.821677208688308
7.8,7.814113939349508
8.0,8.11784492536279
7.9,7.70587822435302
8.4,7.959758155303241
8.4,8.008931635387153
8.0,7.788174032835881
7.7,7.8986239669675165
7.4,7.814950704344328
7.9,7.614638582535811
7.5,7.841956754437218
6.4,7.4268143640313715
7.8,8.177713596438855
8.5,8.240898757043222
6.4,7.514827071049575
8.1,7.751434594968233
8.3,7.667577366107712
8.2,7.883920756271095
8.6,7.782761934270075
8.4,7.980952107479616
8.1,7.878006131598975
8.5,8.322418227927805
7.4,7.820107860166795
7.7,8.098640924048896
8.5,8.293509176108078
5.5,7.862684330858075
7.9,8.12254125397302
8.0,8.13841081645178
8.5,8.287132155615367
7.0,7.69183107605114
7.8,7.939104690437005
8.3,8.111090222699735
8.0,8.048277653126007
8.0,7.657450705417936
7.4,7.604359372782779
8.5,8.275972369753125
9.0,8.074885832451926
8.7,8.05266608406987
7.8,8.010157382992908
7.7,7.699426227211228
7.4,7.8206713607840666
8.6,8.33419042495193
8.3,8.153299891692438
8.2,7.788461927721826
7.2,7.785193555990107
7.4,7.497225468477695
7.8,7.982409484474573
8.6,7.905997855291689
8.4,8.126995517724552
8.6,8.445094923116946
8.6,8.43074662700835
8.0,8.149961127923934
7.4,8.223721396117352
8.6,8.244337566853178
8.0,7.838803772667867
8.3,7.881943577099357
7.3,7.98324382713357
8.2,8.08581284763599
8.5,8.011141111192245
7.1,7.635454136378453
7.0,7.756398408539825
8.0,7.939231173303637
8.5,7.967936797354137
7.9,7.916427741914231
8.0,7.976277038360292
8.0,8.262729835317085
7.1,7.780814103519961
8.7,8.07823138614686
8.2,7.6768576322735225
7.4,7.944562940616409
7.9,7.75900562352959
7.0,7.540661448361842
8.2,8.05485614218254
8.0,7.764272150431445
5.5,7.752680727358833
8.0,7.891807080113079
7.7,7.9268496718598005
8.8,8.254525014208973
6.2,7.7474629138161895
7.1,7.779931255737404
8.6,8.262193224232766
8.3,7.8505188599656535
8.0,8.178712590325635
7.7,7.791019135365085
8.2,8.115583472863769
7.4,7.754857531568228
7.2,7.949401833677381
8.1,8.110920774741238
7.9,7.782191460542693
8.6,7.702618153524379
7.9,8.073757047203792
7.5,8.00282331703372
7.5,7.956749343973892
6.4,7.7148205490431785
7.9,8.108904002710995
8.3,7.977212151352867
8.0,8.119406299743435
8.8,7.809156249002589
9.0,8.021589734724701
8.3,8.080117741979395
8.6,7.774368351601636
8.2,7.969244642067913
7.9,7.818885619500871
8.2,8.05867645994688
8.5,8.304134168002323
7.5,7.76261016233956
8.0,7.800382224199291
8.3,7.7560969001767255
7.7,7.8291301139784375
8.2,7.904397223019757
6.4,7.895130803474545
8.3,8.263446635071839
7.7,7.614930705682825
8.2,7.965249236472375
8.6,8.194277955985406
8.0,7.969521450041044
8.0,8.058784755872193
7.8,8.267871750743993
8.0,8.012332767425292
7.4,8.00801429451887
8.1,8.401666391191885
7.4,7.8873112249328825
8.2,7.944194517431547
8.5,8.166169180317603
7.7,7.807950378112292
8.1,8.076008250719987
8.3,8.112003735083663
7.9,7.8898157670051
8.3,7.583015004894556
8.3,8.038232763570528
7.4,8.156284404406946
6.4,7.41135991355536
5.5,7.794928488123035
8.6,8.156749829742282
8.7,8.061167079855498
8.6,8.093999308737548
7.4,7.78511947153721
7.1,7.7883779609398625
7.1,7.702288184288282
8.1,7.768635862971382
7.9,7.854342079895599
7.5,8.268479868520112
7.1,7.514606080790484
7.1,7.62859883934879
7.0,7.632846726512974
7.1,7.8505567576941635
7.7,7.468676612796031
7.4,8.045001013376586
7.8,7.853926922836068
8.3,8.114916434995362
7.9,7.64733037957353
8.6,8.251033438370523
8.0,7.705640825652187
8.2,7.701256172484022
8.3,8.046117771933671
7.4,7.917734170550355
8.0,8.079206773118614
7.9,7.7715099512174035
8.0,7.664934269229591
8.3,8.16226581215373
7.9,7.78508965791751
8.2,7.9724193628024365
8.5,7.972247506854616
8.0,7.922619382415207
7.4,7.88611002226634
8.9,7.679230495893846
7.8,7.743328532498226
8.7,8.168308031678395
7.7,7.632492394709377
6.9,7.902407511715267
7.7,7.93927747260854
8.6,7.795994251792448
7.2,7.893704819938971
8.2,8.204106577775756
7.1,7.713447970150524
7.5,7.757189694920757
8.7,7.886909808103087
7.4,7.911606967789614
8.3,8.275562974007986
7.4,7.9734189583459205
7.9,7.837859502494683
8.7,8.293995176422605
8.6,8.125246709151824
8.7,8.04650570919563
7.8,7.73631428933845
8.6,8.432659733156163
7.7,7.4866602581877455
9.0,7.903614855609572
7.7,7.789409328572157
7.7,7.925423123418353
8.0,8.195078547909855
7.4,7.857460048609512
8.5,7.809131714309255
8.7,7.797887850300823
7.1,7.857412054723826
7.7,7.876309819611315
6.9,7.921498138852044
8.3,7.981434240495432
8.2,7.919822733249413
8.5,8.19669382737429
8.3,7.710505350233441
8.0,7.9030100444001254
8.0,8.132951247622543
8.2,8.094228349193736
8.0,7.505987033448803
8.2,7.833529498945078
7.9,7.735508323586693
7.4,7.812455435575544
8.5,7.745245310432604
8.5,7.8110880470198305
7.1,7.885786948966002
8.6,8.412635315239315
7.1,7.8629919476549475
7.8,8.070252941761648
7.4,7.805366511601563
7.0,7.771384406697694
7.4,7.502795537190006
8.2,7.9574412596251145
7.0,7.696932692445308
8.5,8.306525550687088
8.2,7.907592124601974
7.4,7.807875603944743
7.9,7.614638582535811
8.7,7.817018911778952
8.3,7.775441598262071
7.7,7.863271237028107
8.0,7.894351424039497
8.5,8.081548926308875
9.0,8.034146195084785
7.6,7.762614106907281
8.3,8.23156153260829
7.7,7.882059384067928
8.4,7.9644519174505035
8.7,8.086154772658446
7.9,7.79290150802108
7.9,7.75900562352959
8.0,8.045465742770535
8.3,8.214184151765656
7.9,7.866241173374765
8.3,7.822141118773096
7.8,8.214321709649285
8.3,7.79503878167908
7.7,7.85035777053037
7.8,8.304699044089391
7.9,7.784611381380557
7.4,7.993754689547162
8.0,7.806440393667366
7.1,7.416718816227391
5.5,7.710114115569996
6.4,7.60816488130261
7.7,7.896088829151889
8.3,8.190243730031467
5.5,7.752680727358833
8.2,8.515482497562418
7.7,7.789114310386685
7.9,8.104845022105751
8.6,8.29545866055953
7.9,8.168757322041515
7.3,8.063546541456033
8.6,8.100695180254892
8.3,8.266167314854199
7.7,7.925423123418353
8.5,8.372208861761997
8.0,7.94074424812396
7.7,7.626115374216668
8.3,7.602724584938344
7.8,8.059990744863386
7.1,7.763436722677326
8.7,8.42289364917424
6.5,8.395435213793494
7.8,8.085817677858861
8.5,8.240898757043222
8.0,8.105830833675677
8.5,8.14533776215315
8.2,8.144181351547758
8.0,8.176591409148896
8.3,7.8098653543246295
7.7,7.733702712359542
8.1,8.393695115575998
8.4,7.991498005487386
8.0,7.549191347286911
6.4,7.863245701010996
8.2,8.12115683610424
8.6,7.573137393059497
8.5,7.965545414669371
9.0,7.910310727126918
7.2,7.793802533655265
8.0,8.173689121453938
7.5,8.274706150294895
8.5,7.779927356792786
7.7,7.991426043974028
6.9,7.835289371029497
7.7,7.718103894824004
7.2,7.9470104509926145
8.3,8.207647705760628
7.4,7.89781777997981
8.0,7.948084285961242
8.5,7.867345519749542
8.6,8.250651456497431
8.5,8.3413368298034
7.7,7.826125092658073
7.9,7.80772808066663
7.5,7.8562023967397865
8.0,7.88786462072994
8.3,7.824851352482497
7.7,7.626115374216668
8.2,7.956815268729361
7.9,7.940542434133049
8.2,7.626401522540622
8.0,7.905989486438693
9.0,7.941985044972737
8.2,7.679064083706981
7.7,7.669135379870857
8.0,8.160672639310016
8.6,8.126362687738048
8.3,8.023479349184553
7.9,7.940542434133049
8.7,8.38712527820636
8.2,7.963690771061799
7.0,7.772821201152315
7.5,7.992785730425602
7.4,7.9188774763717955
7.7,7.8599233012694345
8.5,7.9372688376613185
8.3,8.029773880415837
8.1,7.856802538460715
8.2,7.716537174414382
7.7,7.726712872489163
8.2,8.028371187935313
8.8,8.170763219952821
7.9,7.9433015157688995
8.0,7.842219281511596
8.3,8.086494762472105
9.0,8.015101265332774
7.4,7.611625686883552
7.9,7.7417196978991845
7.7,7.7923961835640725
8.2,7.676259264329406
8.2,8.205585484133746
6.9,7.677691930242604
8.3,8.210676790494665
7.7,8.020432447590315
7.8,7.659749759167009
7.8,7.829378504273086
7.7,8.042841994737685
8.6,7.864909395376316
8.0,7.936680365106553
8.5,8.142014260001629
8.0,7.95812809323726
8.5,8.360411373850486
7.9,7.79433633763194
8.5,8.235578087371744
8.4,7.971888287417999
8.0,7.793435074742367
8.7,8.004847761376398
7.7,8.179461695383438
8.0,7.990491472237761
7.9,7.735508323586693
7.4,7.898949287332077
8.3,7.770314326951207
8.5,8.232927481427335
6.9,7.9660182911300454
8.2,8.018157037642634
9.0,8.030517563414495
7.9,8.163815131159664
8.7,8.063825869932112
8.0,7.825210394389067
8.4,8.015470777647906
7.7,7.930229952201558
8.2,8.665185018472538
7.0,7.701874883327158
8.3,8.083716555885447
7.9,7.860788238115339
8.7,7.794921287495749
7.8,7.921221899609639
8.2,7.9249243496435815
8.2,8.1541684685689
7.9,7.990377504261613
5.5,7.708998136983772
8.0,8.290576965359826
7.1,7.791566471186217
8.2,7.921445928618945
8.3,8.038851864989661
8.3,8.152388643513426
7.0,7.727861241834949
8.9,7.668070710031605
7.8,7.701875934451851
8.6,8.14550213836233
8.2,8.037299016625107
7.9,7.754161108527868
7.7,7.684305686212643
8.5,7.896020694495353
7.5,7.898712236822335
7.1,7.786945978279384
7.9,7.949678536261609
8.2,7.980543534239992
8.0,8.140744450270297
8.5,8.059354087064715
8.1,7.7311752347543345
8.0,7.788174032835881
8.6,7.791680431958019
8.2,8.018815297220849
8.3,7.833255938386904
7.8,7.982098492824985
7.4,7.804091107503021
7.8,8.032469095342343
7.7,7.872384034199124
8.3,8.121962015229478
8.1,7.97603577645252
7.1,7.756067632720933
7.9,7.82970026321338
8.1,7.981925585171139
8.0,7.856255190866223
7.2,7.832383507636159
7.7,7.632492394709377
7.8,8.187215442867744
8.2,8.245729275737625
7.4,7.728679010055647
8.6,7.827023501430909
8.3,8.054615499567754
7.2,7.97347508603736
7.2,7.8430650169614475
7.9,7.8595128340167975
8.2,7.951056344151859
7.4,7.822081226581517
8.0,7.704089214759375
7.4,7.872761787458065
8.0,7.936680365106553
7.7,7.786975716145269
8.3,8.2873604619195
8.0,7.702176108611562
7.1,7.800337721314075
6.9,7.632733935769002
8.6,8.224192715983973
8.5,8.245775834913328
8.2,7.969709129093035
8.2,7.629801600400799
8.3,7.664019672545389
8.6,8.175402614683458
7.8,8.162400887881303
8.3,7.581398977433729
7.7,7.721586373423394
8.4,7.438711172862009
7.7,8.097516982052118
8.3,7.657763797833927
7.9,8.0478440314933
7.4,7.951820942586776
8.6,8.111130408102735
8.2,7.961320288919309
8.5,8.048127830049962
9.0,8.029401584828271
8.2,7.628207345277621
7.8,7.785225786839981
8.7,8.10847434438293
8.3,8.16176893498664
7.8,8.342177040840589
7.8,8.070831679700992
7.5,7.795729576532974
7.9,8.204167116279704
8.0,8.154001635916385
7.9,8.140803247358205
8.0,8.175000335020899
8.2,8.08719920198056
8.0,7.977014449119977
8.0,8.220960351089836
7.7,7.419382691989658
7.5,7.713825955570331
8.2,7.939741154501537
8.2,7.764580998153435
7.7,7.9016927854966825
7.9,8.04514793996756
7.9,7.9914934828478374
8.6,7.861199286330404
7.8,7.817459430882214
8.6,7.981757433820545
8.4,7.913046480194144
8.7,8.275747686705271
8.0,7.975639336311021
7.6,7.640478678999666
8.2,7.621830324784912
8.3,8.178440947157398
7.2,7.911137745877361
8.7,8.130208444568405
8.3,7.713693860479796
8.5,8.334959809310691
7.0,7.666484384436381
8.6,8.102927137427342
7.1,7.832063398265305
8.2,8.265447476166683
8.7,7.988895879142774
8.2,8.000179008079787
7.1,7.776670395120244
7.8,7.987192249844105
8.3,8.014778612629682
7.0,7.738542751160239
8.6,7.775643755700178
7.8,7.478754117037147
7.8,7.8870905397321085
8.2,7.985485725121842
8.2,7.644055310841222
8.2,8.014182317339035
7.9,7.736436338507501
8.2,7.838873337457165
8.3,8.217213236499692
7.8,7.698637795109966
8.5,8.228239028558377
7.9,7.800296831219885
7.7,7.636612575358038
7.4,7.607538098782762
7.8,8.1113257598297
8.0,8.242109074043588
8.2,8.002245723117685
8.6,8.175402614683458
7.0,7.644484788912169
9.0,7.915890620058038
7.9,7.806673851712595
7.4,7.912819306903721
7.7,7.8117444519663914
7.1,7.353586313349566
8.4,7.776064113024475
7.9,7.903673700928811
8.4,7.809530359834854
7.7,7.864179893849178
8.1,7.941599865791888
8.2,7.8920514573993
8.2,8.062508566773792
8.2,7.970679471678773
7.9,7.7629295117053445
8.7,8.25020823578185
7.7,8.04890016420576
6.4,7.617570986529357
8.4,8.04951471873813
8.5,7.951471172890439
7.8,8.142472698841585
8.8,8.400893757458636
7.4,7.85208122477917
7.8,8.326540339276923
8.0,7.8946027019790765
7.0,7.777922817546482
9.0,7.943790084713643
7.0,7.6666418451049365
8.0,7.923851608088945
7.8,8.012388213944197
8.3,8.089523847206141
8.4,7.9010799258084266
8.2,7.999834021230439
8.3,8.260231529938956
8.4,8.087928591088582
8.5,7.937327098989131
8.1,8.436582543233232
8.3,7.670039562282393
8.6,8.070077549877297
8.5,8.034098384966
8.3,8.001125978200529
8.0,7.962485317444451
7.8,7.994206972386086
8.0,8.104134331303465
8.6,8.16822846662916
7.1,7.745173647101755
8.6,7.737006812234884
7.7,7.841860322124694
9.0,8.051874687533786
8.2,8.034117036069404
7.4,8.024337070083554
8.0,7.793435074742367
8.3,8.091123941888517
7.0,7.8431278520844385
8.2,8.293747792445458
8.2,8.17433808371947
7.7,7.754612337144767
6.4,7.6234697304851124
7.1,7.5417084178845
8.0,7.922091463182785
9.0,7.910310727126918
7.7,7.892725223011761
5.5,7.7875949145564185
7.9,7.911575838817669
7.4,8.048827225672213
8.0,7.823572960841085
8.3,7.722512328172581
7.7,7.56605416332198
7.4,7.926328759596825
7.8,8.037889562761146
8.6,7.800084980178841
6.9,7.733331434041497
8.2,7.905474437140817
8.5,8.06254259731107
7.7,8.082212132869616
6.8,7.781430762729286
5.5,7.835263142739423
8.1,7.884249907920263
8.3,7.963124746638734
7.2,7.960242768514988
7.4,7.633631263184807
8.8,8.32610706923964
8.4,7.908305395870191
9.0,8.030517563414495
7.7,7.536241592518563
7.7,7.443168530825193
8.0,7.943932758370315
8.0,8.259336431036985
7.9,7.925700712753758
8.2,7.9520266867375975
8.5,7.7818404629405995
7.9,7.832091645898146
8.2,8.191629442239332
8.6,8.29034840906455
7.9,7.8891922704329955
8.3,8.007135457666719
8.3,8.273233181850275
6.2,7.693577090652793
8.4,7.865049760024617
8.2,7.743312565171031
8.6,8.384866124587589
7.9,7.984209875774369
8.3,8.285493885553564
8.2,7.720833567934229
8.2,8.051175565887402
7.4,7.687738915724958
7.8,7.930287827050038
8.6,8.275846581974921
7.7,7.889074106609908
8.3,7.683201066314851
8.2,8.238316212751437
7.7,7.951082349732097
7.9,8.22057061354478
8.3,8.166356498070334
7.7,8.003884538892356
7.7,7.690045004656082
7.1,7.786945978279384
5.5,7.986876804953596
8.1,7.8658638122038225
8.3,7.611552171599432
7.7,7.942784833879531
8.2,8.129380089245865
7.9,8.131469082662814
7.7,7.72049527750877
8.6,8.106690218874512
7.7,7.81270928620971
7.3,8.040748693194596
8.0,7.896430419970294
9.0,7.903614855609572
8.4,7.906350608676798
8.3,8.125757369832968
7.5,7.83817785517817
8.6,8.123908174204827
7.0,7.6666418451049365
8.0,7.869965784925548
8.1,8.48600248720797
8.0,7.722901425212869
8.1,7.934096472872997
8.6,8.121038514983107
8.0,7.866979878616315
7.2,7.964385866991487
7.7,7.920943538692001
7.7,7.419382691989658
7.5,7.87432635410562
7.1,7.76184246755415
7.4,7.8278634655998225
9.0,7.96164574209323
8.6,7.721861388564698
7.8,7.9678451567494495
8.3,8.09944282929869
9.0,8.279286202474315
7.9,8.118005399096768
8.3,7.438100570098218
8.3,8.159979477577624
7.7,7.89483748846702
8.2,7.6934123798155785
7.5,7.904942273138527
7.7,7.951863925623936
7.5,7.977356327431558
5.5,7.733537876818133
8.3,7.94521145542137
8.1,7.855341728390852
8.0,8.178267194531214
8.0,8.07219147997367
7.9,8.11864310114604
8.3,7.905265570109888
7.9,8.080612344233455
7.0,7.653412617601962
7.0,7.673178291109965
7.7,7.803757624680753
6.9,7.971279333036531
8.3,7.34053215655976
8.0,7.858487148038671
8.3,8.314622224525833
8.7,7.987310955021447
8.3,8.299476800855647
8.3,8.044122176524434
8.2,7.981476374375942
8.2,8.180415266122965
7.9,7.7526286030368805
8.0,7.899778355728966
7.5,7.94208219684066
7.8,8.144645691904108
7.7,7.670276241128682
7.7,7.737234956302133
7.0,7.685294630046113
7.7,7.955060598327997
7.4,7.85287531427225
7.7,7.634086649832555
7.4,7.6110552443001245
8.5,8.321021526133848
7.9,7.512979790672248
8.3,8.128381336289626
7.9,8.073757047203792
7.5,7.832279111222413
8.1,7.6968375662818
8.5,8.215484987572957
7.9,7.681935130780031
7.2,7.97554761769749
7.8,8.122711794689232
8.6,8.317713938775071
8.6,8.235665458339565
8.2,7.769936625728094
8.3,8.1382425968632
7.0,7.730414014875795
8.2,7.940378856550807
8.3,8.013993769510588
7.0,7.702512585376429
7.7,7.519980190262153
7.7,7.4253128734456055
7.7,7.669479113567093
8.5,8.292009233485473
8.6,8.075986118051862
8.0,7.826485798487609
7.2,7.893762329878489
7.5,7.664116855546725
8.3,8.232996362219149
7.9,7.981927952108773
7.7,7.6897359778502565
7.0,7.7793556823135805
8.1,7.935266071861941
7.7,7.966212221732532
8.1,8.624385796743532
7.4,7.991858804362252
7.7,7.703252439506854
7.7,7.845064384040799
8.5,8.173077801296438
8.3,8.228505852987725
7.5,7.810991803034849
8.7,8.089550597521422
7.5,7.7688277573199525
8.3,8.16250369088818
8.3,7.9749408351803845
8.0,7.641498718918883
8.0,7.940506577402179
8.2,7.973854192413296
8.3,7.885751898187875
8.5,7.931204500494358
8.2,7.932736199747151
7.9,7.885111203772924
8.3,8.099274134158085
8.3,7.904723534153686
7.1,7.632265626132098
7.9,7.905198818324959
8.5,8.37759761851301
8.2,8.0583497139417
7.7,7.806810542253954
8.0,8.220482074552883
8.8,8.301927846340796
7.8,7.81853445910153
8.0,7.9519852142890555
7.8,7.821885505194152
7.5,7.865927352991169
8.8,8.09006400170645
7.5,7.833554515320955
7.8,8.209694440104546
7.4,8.066288460430915
9.0,7.954949870575885
7.8,8.020838892318196
7.0,7.755601280978237
8.5,7.8110880470198305
8.3,7.874968672286875
7.7,7.986951125159827
8.3,8.045135581904553
8.2,8.005423554186159
7.7,8.007419407976013
8.1,7.795419349040762
7.9,7.729581041477838
7.7,7.657522200143262
7.6,8.419500021032512
7.1,7.868412415073751
7.0,7.7723409597716
8.7,8.187439093156524
8.7,8.014403961113612
8.7,8.297283271143447
8.7,7.830850896827537
8.2,7.886668043309555
8.6,8.198431408451821
8.3,8.147935595390152
8.1,7.93649824939772
7.0,7.692478109102261
7.7,7.638869415202087
8.6,8.503125809600604
7.2,7.839398230178139
8.4,7.831564581117156
8.0,7.889415697428313
8.2,8.247084615928914
8.6,8.290029558039913
7.9,7.98584164938536
7.7,7.7935121621502965
8.5,8.033764337137882
7.1,7.724448330500448
7.9,8.160239017677307
7.7,7.912645249593771
8.3,8.045443326620022
8.1,7.882465678766249
8.4,7.948704252138239
8.2,7.769936625728094
5.5,7.840843035670544
8.6,8.152445340909702
8.3,7.804240495145074
7.4,8.041007053562641
7.1,7.7829603404714405
8.0,8.021394458346213
7.9,7.890627100043855
9.0,8.115539338092951
6.9,7.733331434041497
8.0,7.918516528826737
7.9,7.806452676568088
6.4,7.416461529949528
8.6,7.910771289659372
7.9,8.07453684426173
6.9,7.902726362739902
7.0,8.104164649219953
8.7,7.709906802263374
7.5,8.254301649561986
8.0,8.126077303137066
7.9,8.04282849781415
8.3,8.37135111202442
8.2,8.026506557053791
8.3,8.097220203128092
8.2,7.860874058157013
8.0,7.947372546556249
8.0,7.575974833356291
6.9,7.94800320823814
8.3,8.248938913450923
8.3,7.686810679709966
8.6,7.838082587044331
8.3,7.777297583563376
8.1,7.802916715297319
7.5,7.71040897711239
8.0,7.845340218672894
8.3,8.077628944458029
7.7,7.938679504354399
8.2,8.142845235470103
8.3,7.936316820509511
7.8,8.11547082314996
8.1,8.25906150210469
7.8,8.286843386709805
7.9,7.902717147854905
7.7,7.948994266402217
8.4,7.751214122909015
7.9,8.055565208295917
8.0,8.127091605077219
8.6,8.06130914669982
8.2,7.714137696416884
8.2,8.016903102463324
8.0,8.065177328034652
7.4,7.847917594624358
8.0,8.25040542135201
8.5,7.8805268199090435
8.2,8.316750556109074
8.4,8.062920635005733
8.6,8.155378130979878
8.4,7.88291505836609
7.4,7.651868175453466
8.0,7.909110423599991
8.6,7.991359788224008
7.9,8.133296106095608
8.3,8.234590617342327
8.6,7.89818600518812
8.1,8.527455085254346
8.2,8.091991607374693
8.0,8.267619691586072
8.4,7.639609090720014
8.3,7.766513769572278
8.2,8.14714972430268
8.4,7.904109010542464
9.0,8.627131255477792
8.3,8.151865062081576
8.5,8.388690008828771
7.9,7.7844519558682395
8.0,8.313693664645898
7.7,7.930817793154231
7.3,7.957352054293953
8.3,8.116032413581586
7.9,7.983362781719633
8.0,8.199704423338712
7.9,7.564499280902825
7.7,7.877266372685221
7.7,8.049219015230396
8.0,8.299661683990292
8.1,7.791433711232819
7.9,8.043698968173038
8.7,8.173093907381878
9.0,8.047942920870229
7.1,7.729243537205781
7.4,7.91927052882843
8.5,8.202730946587538
8.8,8.481277618010731
7.1,7.849776431619812
8.7,7.917519506468093
8.5,8.00093787840391
8.5,8.309546039840425
8.2,7.943127798294158
7.8,8.237899754428257
8.6,8.389614844830373
8.5,7.715519449816419
8.4,7.969497284787537
6.4,7.795011581739002
6.4,7.817809430000439
7.9,7.745705335707128
8.6,8.34660400163133
8.3,7.6290672056167335
8.4,7.866175379572727
8.1,8.42239170779319
8.6,7.85864847813332
7.1,7.792523024260124
7.8,7.844201966584686
8.3,7.597748991712542
7.3,8.230691283052932
7.9,7.876916505984529
7.0,7.810124806190904
7.1,7.798105764141626
9.0,8.086316492725704
5.5,7.8102333373055375
8.3,7.603769493532857
8.0,7.86981183958579
7.7,7.730857935809424
7.2,7.839557655690457
7.4,7.90580458436174
8.0,7.471349807549016
8.0,8.104134331303465
8.2,8.040308548378889
8.3,8.18498268812498
8.0,7.843703753817925
8.7,8.043100553330806
7.4,7.871229729477091
8.1,7.803390624656649
7.1,7.9652694212715875
8.4,7.8625146455496795
8.6,8.29672542955726
8.0,7.654587397956838
7.8,7.423686825051252
7.5,8.153861611958048
8.5,7.82491691600164
8.4,7.780251081193724
7.9,7.854342079895599
8.3,8.175922028809397
7.8,7.753491960409841
8.7,7.615154084604374
8.3,8.0050536563783
8.1,7.942918496453192
7.0,7.7613405994216755
7.7,8.064842715437534
8.0,7.604999711865399
8.3,7.855939327384457
8.3,7.734788092621047
8.4,7.980952107479616
6.4,7.809678728872235
7.1,7.734013861239513
7.8,7.457485033662613
8.4,8.00249836583731
8.0,7.8549797867676805
8.2,8.096930687922592
8.2,8.122282454715064
7.8,7.764651746272083
8.2,7.640801960750723
7.8,8.416592575669378
8.2,7.953926003373579
5.5,7.879583435163755
8.2,7.905194350581345
7.9,8.354622743584269
7.5,7.939371963131259
8.3,8.226778767238757
8.2,7.986303171885911
8.2,7.956803557575844
8.5,8.119685150433634
7.1,7.8009754233633455
7.7,7.79833715726195
9.0,7.903614855609572
7.7,7.7936715876626135
8.5,8.323743506017404
7.4,7.906516487843011
7.2,7.806716000153002
7.4,7.934997409877345
8.5,8.006198920310396
8.6,8.322371323759034
8.2,7.878500288852292
8.3,8.015348648056348
7.4,7.563607484695304
8.2,7.985645150634159
8.0,7.9718818657213895
7.1,7.773394809732376
7.8,7.9216982113028305
7.0,7.6982080965438495
6.4,7.478796905265765
7.4,7.84428429336855
8.2,8.170907235971976
8.5,7.845612632711458
8.6,8.239873652508281
8.7,8.063825869932112
8.7,8.44996840271598
8.6,8.111130408102735
7.8,8.469681271271186
8.7,8.043100553330806
7.8,8.165118980965753
8.6,7.799072553320374
8.5,8.178817119739877
8.2,7.921061964582565
8.0,7.919271446656535
7.8,8.224843793462256
7.8,8.132277325428298
8.7,8.226932110983459
8.2,8.1697881470518
8.7,8.167411319642317
7.1,7.83668673812252
7.7,7.443615369861955
8.5,7.997271091620602
7.8,8.342659247065066
6.4,7.416461529949528
8.1,8.388914315050227
7.7,7.803135474301233
8.5,8.247275777535933
7.7,7.803119922631483
8.3,7.634735710570257
8.3,8.37135111202442
8.4,8.01031021594088
8.8,7.79353254879545
7.6,8.523604880575997
7.7,7.883151529814989
7.7,7.744887380893385
8.6,8.274004466050611
7.9,7.9027434389800035
8.2,8.628834036820331
8.0,8.02187076694751
8.4,7.855803080310189
8.3,7.681766236703991
8.1,7.974294773861269
8.7,8.40054649389748
7.3,8.029748332844672
6.2,7.79050780214198
7.6,8.477052630979216
8.9,7.748740019264382
8.2,7.930504242574702
8.2,7.881210522561694
8.8,8.37865162270841
7.4,7.749727007802671
7.8,8.02587368522739
7.0,7.7783418554376516
7.9,7.652963249862273
8.0,7.837277090629746
7.8,8.13603671423895
7.9,7.997784420625528
8.7,8.086675161826335
7.4,7.8737805376741745
8.0,7.859646305049699
8.3,8.113369701176547
8.0,7.912685357956038
7.4,7.7697293982743885
8.2,8.119887961696348
8.3,8.270753613751927
8.6,8.461196899861038
8.3,8.242561892958214
8.5,8.196490236520056
8.6,8.137435617635163
6.8,7.800083547670462
8.8,7.855200384249759
8.3,8.045286845112543
7.0,8.407709972664897
7.1,7.746780343560732
8.3,8.275722399520305
8.2,7.927344672574701
7.4,7.799701394590124
7.1,7.918788030015775
8.3,8.070876901824164
8.3,8.159671072625947
7.8,8.02587368522739
8.6,8.329325118824867
7.1,7.815639723546196
8.3,8.27109905966309
8.5,8.27526955469211
7.8,8.107501905539792
7.4,8.016896839211991
8.5,8.089644934405086
8.6,8.389614844830373
8.6,8.108347604846145
8.3,7.614657427020072
8.7,7.723336122131133
8.0,7.9030100444001254
7.0,7.75273358660028
8.3,8.166356498070334
8.6,7.996611855387191
8.5,8.327082846195376
6.4,7.756590033270427
8.2,7.7998673603248285
7.1,7.687992938961258
8.3,7.742863448447726
8.2,8.128809260695492
8.3,8.266316294293556
8.2,8.02982044221737
8.3,7.702534074617554
7.1,7.521780228844783
7.2,7.913531093405889
8.2,8.015464251128227
7.1,7.792685296722823
8.2,7.628207345277621
8.4,8.013338920620612
8.2,7.730090307805153
8.2,8.68989597288179
7.7,7.819062473863257
7.9,7.599422424490196
7.9,8.141026754026832
7.9,8.08307706971552
8.7,8.32603970439847
7.4,7.8177254247238555
7.7,7.951720051781368
8.5,7.95645816046726
7.7,7.892725223011761
8.3,8.035663354743306
8.4,7.844483868935629
8.2,8.598864005348359
7.9,7.499659433724025
8.3,8.22024232123373
7.9,7.689912627063818
8.2,7.898734533483034
7.4,8.100321666150842
8.0,7.511566926379924
6.4,7.759300266979828
7.7,7.8825138277657185
8.6,8.394397610199904
8.5,8.42104958596227
8.6,7.810806059546969
7.9,7.876890214859431
5.5,7.800827232078791
8.9,7.695013621613303
8.9,8.404539116457075
5.5,7.69927318073239
8.0,7.893763364685696
7.5,7.855514143652127
6.4,7.612150519110553
7.9,7.840541198050986
8.2,8.000620231287682
7.7,8.395967348062124
8.2,7.756226031668768
8.6,8.687581127352232
7.8,8.362092228523778
8.0,7.540901220646388
8.2,7.873299423898987
8.4,7.8357154657581525
8.0,7.963304425663615
8.7,8.25164306539271
7.8,8.403874714107555
8.6,7.736040928159127
7.5,7.939371963131259
7.1,7.44222689819823
8.0,7.834069481372867
8.1,8.13164179618729
8.4,7.921655457859301
8.1,7.867802898810639
8.6,8.256613331301644
8.7,8.05925975018105
5.5,7.886757583218054
8.6,8.205278316335331
8.5,8.111898034977058
8.0,7.886067761669641
7.9,8.086903282011146
8.6,8.156334684053784
8.2,7.77411363161323
8.5,8.364078160633794
7.8,8.391120673122137
8.4,7.869363889819082
6.2,7.770420187589945
7.9,7.8898157670051
8.5,8.19635392609483
6.4,7.663485534076866
8.3,8.255315933943633
6.4,7.847622000803858
7.8,7.994206972386086
8.7,8.086145441656596
8.4,7.8704859211655664
8.3,7.864729551456565
8.7,8.00962119574408
7.7,7.9006883361699405
8.4,7.9461973457943476
8.3,7.825598696900514
8.3,7.828836990290441
8.4,8.119516691878532
8.6,7.855778818911601
6.4,7.660775300367464
8.5,8.230320155799209
8.7,8.254512724614429
7.9,8.055565208295917
8.2,7.727434853783401
8.1,7.840859987228941
8.2,8.004197593730662
6.4,7.5227983466654615
7.5,7.832279111222413
8.3,7.7848220485721225
8.2,7.942295835954929
8.3,8.023798200209189
8.0,8.149889453338655
8.6,8.246346967664852
8.8,8.646123597747275
8.2,7.694368932889485
8.0,7.883988765738844
7.9,7.888221511881923
8.3,8.287965401383357
7.8,7.761778976716413
8.0,7.98323204410037
8.5,8.26235293760092
7.7,7.886204447388189
8.4,7.877803801010037
7.4,8.20386983598435
8.6,7.832333937599043
7.9,7.997784420625528
7.4,7.939245336428513
9.0,8.060856387367966
8.3,8.008467714071472
8.5,7.6329370344358285
6.9,7.627472893862516
7.7,7.6390288407144045
7.4,7.984702109017006
7.8,7.869553733377157
8.7,8.05266608406987
8.3,8.152388643513426
6.5,8.367376323625571
8.2,8.383196888153172
7.0,7.6666418451049365
7.1,7.645779863431934
7.7,7.979787223118704
7.1,7.829828594142475
9.0,7.907275747861594
8.5,8.271611363489503
8.6,8.452269071171244
8.2,7.629801600400799
8.0,8.123686491055263
6.4,7.650093791042176
8.6,8.2260999276005
6.4,7.713385719432319
7.4,8.010565102715955
9.0,7.96164574209323
8.6,8.147893521047097
7.8,8.101667627063291
8.0,7.738761948236191
9.0,8.047942920870229
7.9,7.870220634467184
8.0,7.82755859864903
7.5,7.833832273976914
5.5,7.787754340068736
8.3,8.293259205875255
8.4,7.842261552725066
7.5,7.639871736338629
7.2,7.871921034690958
7.7,8.100386641273838
8.1,8.103887546508158
8.3,8.197922749509246
7.9,8.100271648741685
8.1,7.7311752347543345
8.5,8.004764090699537
7.0,7.758470940199956
8.5,8.239304501920046
8.5,7.815793014086572
7.7,7.803119922631483
8.5,8.287132155615367
7.4,8.17836175401351
8.3,7.770806103806783
8.5,8.00731489889662
7.9,7.661350257644909
7.7,7.794192093941689
8.0,7.834499283835288
7.7,7.959699608566668
8.6,8.137435617635163
8.3,8.262582251728192
7.8,8.260219326152741
7.9,8.131693623402022
7.2,7.730771946350239
8.3,8.06786730823149
8.0,7.817600179529607
7.9,7.906729076787947
5.7,7.762738727282379
7.8,7.8408571411599635
8.2,8.04804776762016
7.9,8.12819448970144
7.5,7.89604931614951
8.3,7.855478942054612
8.8,8.52699933770197
8.6,8.247622371763395
8.5,7.735927880236852
9.0,8.22513795884144
8.6,8.173967785072598
6.4,7.614860752819955
7.9,7.816239382451659
7.7,7.946124607180497
6.9,7.904161192350761
8.3,7.845538759166568
7.7,7.625158821142761
8.5,7.851556173362186
8.0,8.302212492187376
7.1,7.845773992324631
8.1,8.515338746318196
7.5,7.8963681671741455
6.9,7.8136818922496385
8.0,7.891807080113079
7.2,7.874312417375725
8.4,7.854368250699329
7.8,7.682066220557543
8.0,7.949434406091972
8.0,7.972232254353409
8.4,8.002952828179463
8.2,8.017259877339363
7.8,8.118566731368972
8.3,7.98267645081604
7.1,7.817077400107437
7.7,7.957308225881902
8.2,8.179573815282296
8.2,7.753261786778875
8.6,8.60659296709482
5.5,7.827610718148172
7.8,8.609816296598481
7.4,7.733465605546262
8.5,7.76015351028768
7.5,7.905226953164671
8.4,7.833005232048751
7.9,7.79290150802108
7.9,7.867510400757783
8.9,7.748740019264382
5.5,7.715534582988799
8.5,7.929834099910197
8.7,8.242874662215232
8.2,8.205474557213982
8.3,8.307607501983853
8.7,8.342702616478416
8.2,8.004297935575336
8.3,8.286403908845593
7.8,7.935708294468841
8.2,7.982045605520615
8.3,7.716613584216824
8.2,7.996814576521001
8.2,7.954896345959317
7.0,7.57098962773369
8.3,7.786936742542368
8.1,8.408045376528356
7.8,8.32383010556752
8.0,8.220482074552883
8.6,7.737006812234884
7.9,8.17064359914189
7.4,7.841255913876756
8.0,7.8097029412694425
8.6,7.831053099611322
7.4,7.8331270320331505
8.7,7.9476393568543795
7.1,7.650918411073274
8.1,8.482178239756106
7.8,7.815508484701443
8.5,7.826001329852613
7.1,7.705489135870437
6.9,7.9660182911300454
7.7,7.757163145341851
8.0,7.846456197259118
7.1,7.781451805569231
7.9,8.431625266033738
8.3,8.094077249342337
8.2,7.620149220563408
7.8,7.793188912976959
8.5,8.368701500491008
7.5,7.912275846705143
7.9,8.175384441347493
7.7,7.953800864610912
7.7,7.808540390050286
7.7,7.818950944603775
7.1,7.7772712258591925
8.5,8.240898757043222
7.0,7.7197305407067445
8.6,7.861996413891993
8.5,7.983241646536641
8.5,8.358179416678036
6.9,7.752462495519626
7.5,8.267691427752915
8.2,8.2260693746242
8.0,7.968969028074866
9.0,7.939326170368746
8.5,7.975589221945389
7.7,7.953458180747113
8.0,8.245352454474451
8.2,7.905343951874853
5.5,7.835103717227105
8.1,7.819845292259428
8.3,7.814010417644891
8.3,7.974931504178534
8.4,7.985599261531629
8.3,7.936316820509511
8.7,8.006432685497725
7.9,7.800872783636967
8.0,7.671167651237884
7.9,7.855234636309317
8.0,8.46439070741828
7.8,8.382976970637403
6.4,7.798837794034629
8.3,8.161590018332959
7.4,7.959548938774277
8.3,7.871620736528203
8.2,8.028579088713922
7.8,8.104856137309646
7.8,7.6374478710363825
7.4,7.884744887969756
7.8,8.369425802090394
8.3,7.817308570259991
7.8,8.416592575669378
7.5,7.836548728354216
7.9,7.784513705500428
7.0,7.991769663035945
7.9,7.754161108527868
8.5,8.290320665861723
8.7,7.987310955021447
7.4,7.8237191075218036
8.2,7.694368932889485
8.5,7.904326017939359
8.5,7.6329370344358285
8.2,8.171226998386897
8.3,8.225955044790641
8.2,7.942659345976015
8.4,7.938887586422531
8.3,7.4942852338726755
7.0,7.760545436703849
8.8,8.358041696989115
8.0,8.034567629669645
7.4,7.8339778797384385
8.0,8.018305656810272
6.4,7.803779984916479
8.4,7.868958743897895
8.0,7.835854205462111
8.3,7.770977683917174
7.7,8.066277545048393
8.0,7.923851608088945
8.2,8.032507298594993
8.2,8.06187086472452
7.9,7.816239382451659
8.5,8.409355006132031
7.8,8.45647213181588
7.1,7.415124561104214
8.5,8.011401700889069
8.3,8.008597697624447
8.2,7.949185967762232
8.6,7.797588506915625
7.9,7.893337333753257
7.0,7.683859800435253
8.4,7.941743072411336
7.4,7.850980164885895
6.9,8.012889391751461
8.4,7.900833705149261
8.3,8.159979477577624
7.7,7.951239810400653
7.6,7.416180227892403
7.4,7.92846348839916
8.2,8.008941594635031
8.5,7.98046698380054
8.0,7.761561916722043
5.5,7.780101915477484
7.7,7.827719347781251
7.9,7.711581687830797
8.6,8.123908174204827
8.4,7.901959824947667
7.7,7.956662242663218
8.4,8.015789640742534
7.5,7.8446794294824205
7.8,8.232811139390618
8.2,7.705752984108188
8.4,7.808845184541924
8.8,8.581715690770908
7.0,7.674613120720824
7.7,8.055436610210787
8.3,8.361147879236086
8.3,8.122652050631016
8.2,8.05548316505393
8.2,7.941015647209792
8.5,8.365250656651062
8.3,7.917105789204241
8.0,8.030322287036007
8.4,8.016208959896636
7.1,7.423414687744736
7.8,8.197096685456644
8.3,8.290548972165855
6.4,7.481178463731721
8.5,7.9372688376613185
7.4,7.664081536037496
7.1,7.8230618642841625
8.3,8.1615737327008
7.7,7.997794024841196
7.3,8.290135932201268
8.5,7.805270930273601
7.7,7.858774978100125
8.2,7.965287944506324
8.8,8.461050226383996
6.8,7.740344171957834
7.8,7.8583908371809645
8.5,8.180411374863054
7.1,7.802655398707492
8.0,8.226941078046993
8.4,8.045702679675419
7.9,7.726125264417373
8.0,8.210704783688637
8.2,8.425823397355177
8.4,7.862937906461298
8.2,7.916161763088337
7.4,7.677854533961257
8.0,8.041655643099652
7.2,7.947488727529568
8.5,7.956602389176094
9.1,7.892192794926159
8.7,8.290035141204855
8.3,7.603769493532857
8.5,7.91766591645761
7.9,7.603159945648933
8.6,8.244337566853178
5.5,7.735929259502899
7.8,8.159060811497678
7.9,7.555873112860769
7.4,7.901659521041479
8.2,8.072523102186745
8.6,7.730779886252641
6.9,7.905755447473939
8.6,7.9593960709162825
8.3,8.331494733944986
7.4,7.718338843879777
7.7,7.5159945524542096
8.6,8.246099636634826
7.8,7.977315727455452
8.5,7.879322166291824
7.8,7.457485033662613
8.2,7.971476599240361
7.8,7.717021358122037
8.0,8.266826249120738
7.7,7.921094801746611
8.0,7.749752484367306
8.2,7.934150710155529
8.7,8.003244175251371
7.9,7.796151767899624
8.2,7.687578475703965
7.1,7.806003334466164
7.7,7.9824974568281055
7.8,7.798168943891768
7.7,8.000665648906677
8.7,8.073391400671177
8.1,7.98942751948721
8.4,7.8593104415811785
8.0,7.8503564469104665
7.0,7.691033948489551
8.5,8.345741116383303
7.7,7.566213588834298
7.5,7.996133666184275
7.4,8.178202328501193
7.9,7.527177992270378
8.0,7.839680262377084
7.8,7.976930052945844
8.0,7.924893549319448
7.7,7.632492394709377
8.0,8.217452989818847
8.0,8.43090686142868
8.5,7.947530331777466
8.5,8.010343983630657
7.5,7.896014444448733
8.7,8.073921120840916
8.1,7.855341728390852
7.7,7.95553887486495
8.7,8.145091747917833
8.7,8.055854594316225
6.9,7.729345796233552
8.7,7.830850896827537
7.6,7.914649416789633
8.0,7.796556011903665
8.6,7.901742583253
8.6,8.288754153941372
8.4,7.4315389896514725
8.1,8.395289370699174
8.2,7.929835303818605
7.8,7.982409484474573
7.4,7.8873112249328825
7.8,8.206880605817952
7.9,7.747277273345107
7.8,8.369585227602713
7.9,7.812163456858428
7.1,7.882920136694665
7.0,7.732645972048244
8.5,7.634700539290134
7.1,7.703882439411459
7.4,7.879939045846313
7.7,7.905486653209223
8.5,8.319017258078917
7.8,7.815349059189125
8.9,7.680665325504706
8.6,7.890818292492866
8.3,8.01114850582153
6.4,7.609440285401152
8.2,8.074784331222258
7.4,7.8480073248224
8.1,7.815804201336052
7.2,7.816600381916702
8.5,8.084862169035555
8.6,8.260057561724178
7.4,7.782568663340126
8.0,8.163886017680085
8.2,8.083591498864898
8.0,7.815166587113049
8.0,7.769613100321967
7.1,7.708665204780991
8.2,7.969552813914667
7.5,7.7484212917432815
7.7,7.833486174037357
7.7,7.6897359778502565
6.4,7.685007978239761
9.0,7.907335288601474
8.2,7.775339186949101
8.0,8.185886738379933
7.9,7.841364616737673
7.1,7.868412415073751
7.8,8.228187799533405
7.7,7.615115013866744
8.0,7.8549797867676805
7.1,7.768928048437098
8.4,7.799844725486661
8.2,8.02523115295525
8.4,7.530880891319314
7.7,7.517110531040434
7.5,7.840693791674477
7.8,8.018439650258383
8.4,7.816903506931473
8.0,7.7438537404115495
6.4,7.7001534019099465
7.7,7.860855790929668
7.9,7.960000574206224
8.1,8.595689204526337
8.3,8.115516045273132
8.2,7.91294711701727
7.7,7.762080453552101
8.6,8.214206145025125
7.9,8.12819448970144
7.7,7.500849128784024
8.1,8.083049568807017
8.6,8.11073898753091
7.7,7.713321129454473
8.3,8.030185253486726
8.7,8.004847761376398
8.3,8.159979477577624
8.3,7.775122747237435
7.9,8.264756253032251
7.1,7.726202011135943
7.4,7.575436095587425
8.7,8.31078993046259
8.2,8.617357364777217
8.3,8.16933057176516
8.3,8.085294147396398
8.3,8.177011412509094
7.9,8.17896055482985
8.2,7.71978242919215
7.4,7.572623911585177
8.2,8.15863147152351
7.9,8.096351310401822
7.8,8.135298550787287
8.9,7.6497367761150645
8.2,7.935755516693593
8.1,8.434986323266292
7.9,7.9078285687939545
8.2,7.937020369377248
6.9,7.830899847579954
8.2,8.087046306158893
7.1,7.682006385975233
8.1,7.802274646070425
8.0,8.063002549125487
8.9,7.683534984726426
6.9,7.607704130335116
7.9,8.014291331109275
8.5,7.704680479822574
7.8,7.917578652617756
7.7,7.646975233658691
8.7,8.258864833008822
8.2,7.9559810878387145
7.4,7.6990581270995175
8.6,8.277434942566812
8.1,8.069202488129672
8.6,7.180395077441622
7.8,8.052716135406696
8.5,8.639939016410201
8.6,8.223389693891098
7.7,8.126755565895651
8.1,8.444713244361436
8.2,8.04271948404391
7.9,7.784770806892875
8.6,8.180710996050761
8.3,8.210836216006983
7.1,7.787102556841321
8.0,8.208558041871585
8.3,7.691214863242994
8.1,8.301149837356574
8.2,8.112713451650286
7.3,8.203681566783327
6.4,7.710994336747553
8.2,8.127703833524153
8.2,8.008988517102313
8.1,7.86286070792879
8.2,8.335562766562568
8.3,7.9542550853409315
7.2,7.876225523523537
8.0,8.155384130914381
7.9,7.828106008090202
7.9,8.103324109779873
8.5,8.382787463006013
8.2,7.930031782659981
8.6,7.864706647601395
8.0,8.19127908019202
5.5,7.819639442532285
8.3,7.561043456231703
7.9,7.921715074945815
8.0,8.126237299252347
8.5,8.366469543318559
7.0,7.755601280978237
7.4,8.005108574593676
7.9,8.140078060327973
7.2,7.892646351292265
7.9,8.058930474558242
7.6,7.642810554763341
8.3,7.587775997926438
7.9,7.7324792388526555
8.0,8.104049115948069
7.1,7.672919131773122
7.7,8.087104656322216
7.7,7.791019135365085
7.7,8.074567671688916
8.7,8.500506290120704
7.4,7.878702247267724
7.7,7.6626238165374305
7.9,7.916013274990189
8.3,8.361147879236086
7.7,7.710770321257388
7.4,7.848730250951989
7.1,7.632265626132098
8.3,8.102481245034578
8.0,8.189976931515686
8.7,7.767597002960453
7.4,8.030599203855463
7.7,7.932907841327875
7.7,7.96782202852546
8.9,7.649099074065793
7.7,7.966212221732532
7.1,7.822338442013923
7.7,7.805535138155412
7.1,7.868498135294718
8.2,8.153293916093528
7.9,8.08104646121932
8.2,8.050102317059363
7.1,7.756067632720933
8.5,8.325394278571626
7.8,8.334830465917445
7.5,7.652153721454995
8.6,7.877770208609599
8.8,8.7164302486794
8.6,8.230244990920761
8.5,8.274472427130522
8.5,8.14533776215315
8.0,7.8183119189346
8.6,8.248815235104408
7.8,8.175255390269115
8.1,7.902238809471272
8.5,8.131604053006734
8.3,7.982611339116654
8.0,8.372042929611359
8.0,7.688582295834189
7.4,7.959648691671234
8.6,8.309902088671501
8.5,8.244181579790151
8.0,7.754694675249156
8.3,7.892943937449282
8.1,8.568586867432321
7.8,7.8075340987516055
8.3,8.221198874307637
7.7,7.525400657680956
8.2,7.8793792066484425
7.4,7.7832805668213965
8.2,8.056769248330353
8.6,7.7837184873439815
8.3,8.01766687248154
7.8,8.031193691243802
8.3,8.008720443161607
8.2,7.9762875206737025
8.2,7.873299423898987
8.5,7.9372688376613185
8.4,8.085753069392906
7.7,7.940863565274012
7.8,7.90606217569792
8.3,8.122211916790476
8.1,7.888660201862441
7.9,8.072236134877913
7.4,7.489580903261491
7.7,7.942951648603892
7.2,7.940952281524541
8.2,7.941852394195616
8.3,8.290867823190489
8.2,7.972114301289633
7.8,8.32255470146898
7.7,7.47645702539941
8.2,8.145714894691821
8.6,7.909389113312966
8.0,8.172846727112411
8.2,7.976853034518727
8.5,7.845612632711458
7.4,7.644277701461376
7.4,7.735059860669439
8.5,8.28244370274641
7.9,8.052509294514444
8.2,7.899250947629139
7.0,7.6982080965438495
8.1,8.489192962298088
8.1,7.359478974012716
8.0,7.8658142573346215
9.0,7.8787981218965975
8.3,7.996217586578219
7.8,8.239334584039117
8.6,8.53803999679819
8.7,8.26396333906904
8.1,7.934597821294151
7.0,7.759905769810816
7.9,7.768799717508003
7.7,7.841860322124694
7.4,7.95391553243063
7.9,7.7584655973604475
8.7,8.019186726483145
7.9,8.108904002710995
7.5,7.82542381419275
8.0,8.010392130060632
7.7,7.941979543860236
7.9,7.949678536261609
6.4,7.758024862881286
7.7,7.9384960154284085
7.4,7.7211046170174775
7.7,8.238900176832889
8.7,8.091457927195867
7.8,7.734517214110079
8.0,8.266826249120738
8.7,8.417955387979914
7.5,7.2735285550580455
7.5,7.879753042192323
8.5,8.22521853940504
8.2,8.265096690118126
7.9,7.957426389704988
9.0,8.015366245213023
8.1,7.994170873303106
8.0,7.5799604711642345
8.1,7.885175912475651
8.1,8.260496331715549
7.7,7.419382691989658
8.2,7.912648585195115
8.3,8.220346735706837
8.9,7.680027623455436
7.8,8.405455967874204
7.8,8.06541121228219
8.2,7.886618194546886
7.7,7.879851490309152
8.5,8.043523166661233
7.8,8.262770134349825
8.6,8.172532955461739
8.4,7.8612331886908775
8.0,8.091960814104032
8.7,8.08456051753527
8.2,8.816639255174394
8.8,8.189163382936021
8.0,8.423721747883135
8.4,7.775046975930563
6.4,7.810794707458459
7.4,7.919009574648898
7.0,7.738383325647921
7.4,7.85200190987217
7.7,7.644424425461607
8.2,8.296920006924948
8.8,8.39797126401693
8.5,7.9200427497883545
7.1,7.841788354516687
8.4,8.091912264052764
8.0,8.004414227184018
8.6,8.179866529028354
7.4,8.064291500367034
8.7,8.342702616478416
8.0,8.251251198430207
8.3,8.296789031721705
7.5,7.710318594299341
6.9,7.828115222975199
7.9,8.019711798528078
7.9,8.163984027800586
8.2,7.860043982752492
8.4,8.11616875611986
8.0,7.775947911082885
7.1,7.8323794023395585
8.0,7.886107037097936
7.5,7.964886265769998
8.3,8.095962878374568
8.0,8.086438099436196
7.0,7.744122644091359
8.3,8.221969406982698
8.5,7.830975085469714
7.7,8.376980160426562
8.1,8.490785252577503
8.1,7.91435514840742
7.8,7.777732787761048
8.3,8.084389927674758
6.8,7.785910395824279
8.3,7.871620736528203
8.3,7.604159414549204
8.2,7.972423384526674
8.3,8.109336542064241
7.8,8.33468797144918
8.5,7.7513901900879105
7.1,7.889137731675056
6.4,7.627136517268421
8.3,8.164649347216717
8.0,8.385268831861666
8.1,8.406449156561417
7.7,7.96924130646657
8.0,7.964564278092407
7.9,7.7042609231724155
8.0,7.8103838217435175
8.4,8.140909566661634
7.7,7.958264778955808
9.0,8.247776381590558
8.0,7.8510373273845415
7.7,8.05550802514398
6.2,7.693577090652793
7.9,7.932556009783421
7.5,7.609752755846375
8.2,7.821732011033564
8.1,7.870064328639517
8.2,7.991384469077598
8.5,7.739105972710749
8.1,8.433394032986877
7.2,7.861080099853352
7.7,7.669479113567093
8.5,8.290320665861723
7.9,7.802163678812761
7.4,7.876789141119911
8.5,8.067325362680602
8.1,8.262887714400316
7.0,7.729899531483001
7.1,7.338281464167062
8.5,8.2194706253809
8.0,8.176771358571106
7.9,7.929367499537066
7.1,7.74083440002048
8.2,8.03570476150193
8.2,7.976737641146848
8.3,7.955085804400242
6.5,8.43561633742885
7.1,7.606872179051357
8.5,7.955010098896679
8.0,8.159659676369976
7.5,8.02323600327829
7.9,7.960000574206224
8.2,7.621735739116739
6.4,7.474014139896233
9.0,8.24283419070871
8.6,8.58809960766596
5.5,7.826801801524011
8.2,7.636178620893509
8.1,7.969938195430809
7.9,7.5069216212041745
7.9,7.822616402944369
7.9,8.092233076128998
8.5,8.331771299064336
7.7,7.614930705682825
8.8,7.826663217544883
7.6,8.492038629137083
7.0,7.81538584809739
8.6,8.196127931284764
8.5,8.10422703023
8.0,7.903285716999957
8.3,7.995497395267523
7.8,8.159379662522314
8.5,8.556882070609394
8.5,7.739624266911648
7.9,7.715414488366757
6.8,7.89710694178016
8.2,7.795722297004567
8.2,7.956937640912621
8.7,8.381619367159534
8.2,7.848565345865615
5.5,7.7424774945704975
8.2,7.7362978426290505
8.7,8.391381362001818
7.2,7.898168734283868
8.6,8.27399910129043
7.1,7.724607756012766
8.2,8.081778734561757
7.7,7.654333689896908
7.8,7.779197307925957
8.3,7.8146954116828296
8.5,8.231333226304159
8.3,7.996932224878383
8.4,7.743561698317763
7.7,7.88921786174077
7.1,7.832063398265305
7.1,7.471720617977012
7.1,7.872962049639615
8.8,8.290714605505102
8.3,8.067479917847919
7.9,7.932396584271103
8.3,8.400387830482513
8.5,7.633893587509736
6.9,7.826115390534261
8.7,7.993687975514156
7.1,7.721259820254093
7.8,7.78398203813925
7.7,7.824323515769742
7.7,7.991608774443889
7.9,7.471088212964159
8.1,8.530484169988382
8.1,7.748712041109287
8.3,7.7770101984685525
8.6,7.777341466851272
8.0,7.876864260380016
7.5,7.812350922182696
7.6,8.202591211509116
8.0,8.019160533238107
8.6,8.291541272405563
8.8,8.300280136244165
7.5,7.7519286530142715
8.2,7.909778925973396
6.4,7.507971774019912
8.0,7.871724945733603
7.7,7.886515017243412
8.2,8.146553967829052
8.3,8.187692921834383
8.3,8.120637152808662
7.9,8.155701760535111
8.0,7.714684464340006
7.9,7.97145583478895
8.0,8.07173807156043
8.0,8.086597524948512
8.0,8.146661841681869
8.9,8.22777354481305
7.8,8.152205514468015
8.5,8.045577021852878
8.7,8.038534433579743
8.7,8.01600754723864
8.0,7.95956292284812
7.6,8.429065551771576
8.5,8.290320665861723
7.9,7.810438314376031
8.0,8.021235032833896
8.4,8.042968631771217
8.3,7.901803884026576
8.3,8.16250369088818
8.5,7.879322166291824
7.5,7.894579614837873
7.8,8.367353270430264
7.1,7.4272409000403625
7.3,8.161593231531445
8.8,8.282782385056022
7.4,7.830563782500266
8.4,7.804306674987796
8.7,8.038534433579743
7.9,7.877061726019681
8.0,8.01942220599946
8.0,7.754967689903685
7.7,7.955419183147762
8.7,7.838444452358493
8.3,8.170387182280086
8.4,7.985577412180592
7.8,7.530248557515778
8.4,7.810207383787314
8.5,8.27112449137185
7.5,7.774164509689451
7.8,8.3512642950427
8.6,7.814703006218025
7.4,7.966244810291622
7.9,8.151875548239486
7.7,7.774287737741135
7.7,7.5566480580952335
8.2,7.8510350961069
7.7,7.864992573080517
8.1,8.006167198280574
7.2,7.925169155805084
7.7,7.938806585283631
6.4,7.704936167279478
8.7,8.05925975018105
8.2,7.619438942100146
7.2,7.876225523523537
8.6,8.47809600416672
7.9,7.890627100043855
8.5,7.726519810166343
8.2,8.148989427260949
8.8,8.332216728837404
8.2,8.083861817636775
7.7,8.470722361669393
7.1,7.796352083506131
8.1,7.95577834254821
7.9,8.030552733365685
7.9,7.7256469878804195
8.2,8.027463110127698
8.5,8.417861075715916
8.3,7.847329687669776
7.8,8.262929559862144
8.5,8.30635752959407
8.0,8.156178722904325
7.7,7.629313708681832
6.9,7.672749739360754
8.2,8.126438197213206
7.1,7.765911405038861
8.4,7.837150295369012
8.3,7.883378406710217
7.9,7.674949674963377
7.8,7.765327288354313
7.8,7.724954793704965
8.4,7.906340967714913
8.7,8.191366279786305
7.5,7.820481623310901
7.8,8.147422749098483
8.3,7.974659284914713
7.1,7.711853715027346
7.1,7.797477656477774
8.2,7.7149667665433475
8.2,7.741312609924892
7.9,7.965847307345532
8.6,8.147406855363991
8.6,8.651869812593057
7.9,7.686717896149563
7.8,7.7979716783464905
8.6,7.242411601733224
9.0,8.032749520586943
8.3,7.539908302174445
8.4,7.933283879296611
7.8,7.742094211436212
8.2,7.951056344151859
8.4,8.070950868004473
7.1,7.774351362806283
8.3,7.945919075750913
7.2,7.793802533655265
6.4,7.400678404230072
7.9,7.90877531732298
7.8,8.138587522436033
7.9,8.167180397421989
7.8,7.549582463656367
7.4,7.792587506802735
8.1,7.897615469614057
8.0,8.170217569651367
7.5,7.354516715315458
8.2,7.923617708838213
8.6,7.992875428503009
8.0,7.860074938891183
7.8,8.29066959900543
8.2,7.91945985008434
6.9,7.677691930242604
8.5,8.272878172007344
8.3,7.845275709266277
7.8,7.924916155871896
8.5,7.827288653766374
7.8,8.167980780812425
8.7,8.011215450867258
7.7,7.779642142578653
8.0,7.986239718779794
8.2,7.703999303472694
8.6,7.734026944294736
8.3,8.042058975866153
8.6,8.13498005454936
8.6,7.92589190520277
8.6,7.997327553785333
7.9,7.8730640025638055
8.6,8.207128291634689
7.8,8.324161957948684
8.0,7.8223829448991395
7.9,7.780916056444151
8.2,8.057719906872974
7.7,7.919524379462597
6.9,7.689808269178753
8.5,8.440458972951687
7.2,7.857572738582362
7.6,7.609565615082249
8.2,7.93417102935801
8.5,7.9158046548262355
8.4,7.72331465825341
8.4,7.747387910613389
7.0,7.711121563041587
7.3,8.230691283052932
7.0,7.688006828599276
7.4,7.8604860230095985
7.8,8.139443614107549
7.7,7.619713471052357
7.7,7.644424425461607
8.4,7.951298962188516
8.5,8.22973897118098
7.5,7.981141447358507
7.9,7.916600826305121
8.1,7.622872546661531
7.8,8.327975168887782
7.1,7.75761168401292
8.6,8.274724708857411
8.5,8.396600965146613
7.5,7.778517841870558
7.4,7.724991089580013
8.1,7.809772012326982
7.2,7.790932874433546
7.9,7.983362781719633
8.2,8.099803457478263
7.9,7.783176551769698
7.8,7.443521078814927
8.6,8.220496309552704
8.0,8.161335209483001
8.0,8.058800307541944
7.7,8.204491500817323
7.2,7.964706682859884
8.0,8.127132942169634
8.0,7.817600179529607
8.0,7.811659225842059
8.0,8.075000799641732
8.6,7.249745175299839
6.2,7.79050780214198
7.0,7.754166451367377
8.4,7.955786690728211
7.2,7.747192774118966
7.7,7.96925685813632
6.5,8.424928933572275
8.2,7.8911261410322195
7.0,7.703947414987288
8.2,7.726000024172541
7.9,7.941361931448711
7.8,8.156602605327938
8.5,8.229833283681554
6.9,7.771593556997754
7.9,8.140078060327973
8.3,8.307607501983853
8.2,7.921901081531776
6.2,7.761014082363198
7.9,8.190137671195744
7.3,8.213989482626246
6.2,7.696446749874513
8.1,8.121572811410097
8.3,7.988332578215075
8.8,8.494191084508468
7.9,7.84796505940289
8.0,8.03183541530267
8.1,7.958180119072932
8.2,8.08581284763599
7.2,7.940952281524541
8.3,8.27253388927395
8.1,7.837990328007222
8.0,7.5324554536632276
8.0,7.8183119189346
6.5,8.35605711225101
7.1,7.799071911600951
8.0,8.201988715124026
7.7,7.741230418328887
8.3,8.07697316306374
8.2,7.994433873014116
7.6,7.821944521949825
7.5,7.931088057158637
8.7,8.199934124155137
6.8,7.894715559095394
7.7,7.822434242461092
8.3,8.157054807316694
8.6,8.42586009453463
8.3,7.627402137003641
8.8,8.416676883178091
7.5,7.86846870251854
8.3,8.232491490795669
8.6,8.151870769708887
8.3,7.625170179831192
7.4,7.781311921245284
7.9,7.866241173374765
8.6,8.052708101047253
8.2,8.096774372744225
8.3,8.236184872465504
7.1,7.7057607873105765
7.8,8.184082757556515
8.7,7.838285026846175
8.3,7.706410351428489
7.8,8.263176101903554
7.9,7.8973229715612
6.9,7.658401443252158
7.8,7.688283815537934
7.7,7.8466586391639765
8.3,8.084708778699394
7.7,7.861310234627458
8.5,7.943863544994159
8.6,7.228063305624627
8.0,7.805073137141562
8.0,7.851631851009008
7.4,7.550942041909964
7.8,7.845480481017178
7.8,7.878202515919035
6.9,7.764419408943456
8.3,8.32809974899152
7.9,7.823532918131239
6.9,7.681358717025913
8.7,8.417955387979914
7.9,7.652644398837638
8.5,8.241958218198404
8.5,8.103196102952095
6.4,7.7001534019099465
7.7,7.958583629980444
8.0,8.027928936415584
7.1,7.871122648783152
7.9,8.135295294958441
7.0,7.6982174275457
9.0,8.120746508855051
8.0,8.156393018601152
8.6,8.252591749309921
7.7,7.442530828775922
7.7,7.791019135365085
7.9,7.834961305119865
7.9,7.811873143986891
8.3,8.262582251728192
8.8,7.8976075705262785
8.1,7.987344593987123
8.3,8.310291140806726
8.6,7.909720611559399
7.7,7.660073008340347
7.8,8.040280945445913
7.0,7.529060717994124
7.9,7.70250102186902
8.3,8.314622224525833
8.3,7.712896732918207
8.5,7.973139577932811
8.3,8.25133029613569
8.6,7.910771289659372
8.9,7.6723751988641835
8.2,7.997457063216868
8.5,8.355466072634686
8.3,7.887728763754937
7.9,7.744567039635705
7.9,7.905198818324959
8.2,7.575661766056911
8.7,8.291509120389058
8.4,7.842261552725066
8.2,7.994640220993717
7.4,7.870703644416622
8.1,7.710131067128393
7.4,7.847917594624358
7.2,7.865167653234096
8.5,8.331771299064336
7.1,7.425806070429503
7.7,7.636956309054274
8.3,7.757531729787585
7.1,7.480170170129853
8.3,7.855939327384457
8.1,8.352006575785932
8.4,7.950744031716896
8.5,8.180777002682209
7.8,7.859828777125775
8.6,7.839864142533384
8.7,7.975344710595766
8.5,8.099752570877586
7.8,7.73631428933845
7.7,7.9713313546402125
8.7,7.497720148700088
8.1,7.911515465977189
7.4,7.869941884042748
8.2,7.895430629864799
8.5,8.400324269360965
9.1,8.910427147683375
8.3,8.158591177748642
8.6,8.196127931284764
8.3,8.177005244810207
7.9,8.091207770843726
8.6,8.126195330213141
7.8,7.9216982113028305
6.4,7.650093791042176
8.2,7.9641690475987525
8.1,7.827498220985739
8.8,8.301927846340796
7.8,7.670906434695301
7.9,7.729443933450718
7.3,8.020868248040557
8.2,7.570879000687379
8.1,7.82539571253412
8.5,7.578610805152936
8.0,8.060132889903768
8.2,8.00111595501963
6.4,7.504454588530112
9.0,8.21589127912701
7.9,7.8836123775018745
8.3,7.786167272749184
8.3,8.178951113543436
7.8,8.100392222964748
7.7,7.681595452503242
8.3,7.783617853728809
7.8,7.81310632354702
8.2,7.9684271953038435
8.6,8.564345206330618
8.0,7.892278892379367
8.6,7.8127245995839605
7.2,7.93116981533364
8.1,7.82539571253412
8.3,8.079992916795925
7.7,7.866092999996991
8.0,8.18002087516671
9.0,7.939326170368746
8.5,8.030272172670374
8.3,7.849899049123492
8.7,8.105276503134725
7.5,7.795770668901651
8.8,8.478108756201996
8.3,7.81172867732887
8.6,8.292899217261633
8.6,8.632101049065657
6.5,8.399580277113754
7.3,7.741415584544788
7.9,7.960000574206224
8.3,7.997618616929538
8.8,8.370655960899837
8.2,7.748414181565199
7.0,8.022219935888634
8.2,8.07253205484733
8.3,8.169545008316689
8.3,8.246866381790793
7.0,7.67365853249068
8.4,7.933047787779633
8.7,7.8499819583056665
8.7,8.1270168239881
8.0,8.299986755682829
8.0,7.881848660993657
8.0,7.831427989369459
8.0,8.268901961776049
8.5,7.896035891298836
8.2,7.861183084962839
8.0,7.923926324121133
8.1,7.8849948736819515
7.2,7.906835221888544
8.1,8.487598707174909
7.5,7.94208841750856
8.0,7.999437036490646
8.3,7.9983670544892425
7.7,7.417947862378798
5.5,7.748216813013936
7.0,7.6666418451049365
9.2,8.4489987073192
6.4,7.714979974555496
8.2,7.860555207132378
8.3,8.163167987823979
8.1,7.817424436918233
8.3,7.668785930521501
8.2,8.103680114253155
8.2,7.950591857126738
8.5,8.258367299792976
8.2,7.9429683727818405
7.9,7.826990029503978
7.1,7.715042225273701
7.0,7.730571475544352
8.0,8.164716025984205
7.0,7.747631970206111
6.9,7.7290269452089175
6.9,7.9546990797554855
7.5,7.777845968822795
6.9,7.828115222975199
8.2,8.269401178950705
7.0,7.791631446762047
7.5,7.933957716380355
8.3,8.380710168056373
7.3,7.699008398268269
8.3,8.226778767238757
7.9,7.691848779269058
6.4,7.675601873013014
7.9,8.04007093104598
7.7,7.87535523138117
8.2,8.022641509516475
7.7,7.957810565832528
7.2,7.93116981533364
8.4,7.8576395325233355
7.1,7.700693929165104
5.5,7.963760105667523
7.2,7.832383507636159
8.5,8.204325201710716
8.6,7.90748865438695
8.3,8.146004409897321
8.5,8.297438296484977
6.9,8.010860359821693
7.7,8.002225231804104
7.4,7.906516487843011
7.7,7.924466570344447
7.9,8.019306864788422
7.7,7.802758841864725
7.0,8.165384045949967
7.1,7.92771870565595
8.0,8.048596504150643
8.0,8.03183541530267
8.2,7.7943108229149125
8.5,7.905397199830611
7.1,7.331904443674353
8.0,8.17978310039043
8.5,7.9372688376613185
7.8,7.793029487464641
8.0,7.828877181172375
7.8,7.855521177959245
8.7,8.290702315910556
8.2,7.676259264329406
8.5,8.299183381539772
8.0,7.8578494459894
9.0,8.120746508855051
7.9,7.960333567414522
7.4,7.843975917796344
7.4,7.8125593216595615
8.3,8.151865062081576
7.8,8.103572873836056
7.4,7.866426482819258
8.8,8.301927846340796
8.3,7.839468716472157
7.9,7.901468034881462
8.3,8.309371628692308
7.2,7.917995007750786
8.4,8.118731626547115
8.5,7.828711563562016
7.1,7.762710453456706
8.6,7.773834105580282
8.2,8.16315298751357
7.9,7.890441383406439
8.6,7.771964321695073
8.0,7.891807080113079
8.2,8.23672195762826
8.0,7.931563197042634
8.3,7.8907119802768335
8.1,8.224944442468693
7.8,8.138168210009006
8.8,8.32488512011455
6.2,7.746665786254601
7.8,8.16097391764549
8.0,7.919865970281002
8.1,8.458900150113953
7.5,7.7871268195357155
7.8,7.989264781504236
6.4,7.4988845198178
8.3,7.8049766147567
8.5,7.827009385958346
8.3,8.207647705760628
8.3,7.7324394335343225
8.2,7.997123787521037
8.4,7.89310865019254
7.7,7.899421094529106
6.4,7.726340080823893
7.5,7.898712236822335
7.4,7.890818586203872
8.3,8.116979635653642
7.8,7.794821008133095
8.1,8.530641630656937
8.8,8.38960794842803
8.8,8.298048179071717
7.9,7.686717896149563
7.2,7.77588936633616
7.4,7.818832456068253
8.5,8.32220576832527
8.3,8.188968325932924
8.0,7.863313091833008
8.3,7.9045641086413685
8.4,7.923901208210358
7.4,8.3050284073994
8.4,7.826468786043724
8.5,8.139066843223587
8.7,7.840416427566602
7.5,7.811553794621107
8.3,8.216303213207665
8.5,8.240682814099861
8.3,7.703200068844483
7.4,8.20386983598435
7.7,7.6897261536314465
7.8,7.9795398252528535
8.6,7.831053099611322
8.4,7.626057922173006
8.6,7.758820514767796
7.9,7.6877596424158
8.0,8.182962208973706
7.1,7.799218895777469
7.4,7.765191282497492
7.2,7.815108042366324
8.2,7.601105008183605
8.2,8.062966524108264
8.5,7.756013529945125
7.1,7.761116198333529
8.3,7.989589381683479
7.0,7.688961416829421
8.0,7.893763364685696
8.2,7.9553608329844385
8.6,8.14406730875147
6.4,7.798837794034629
8.2,7.922377197966421
8.4,7.958815775462249
7.9,7.697883902679705
8.5,7.953907352270177
7.2,7.725989180980707
7.7,7.894326867346981
8.5,8.552788093226942
8.6,7.180395077441622
8.2,8.024293366284818
8.0,7.694603201548592
8.5,8.043026213655793
8.8,8.42528586084325
8.7,8.274631852406264
8.2,7.993983752540972
8.7,8.13977397530747
8.3,8.164762242947155
8.6,8.206394294921555
8.7,8.067014380178467
8.3,8.005568612890409
9.0,7.906003826294801
9.0,7.903614855609572
8.6,8.195490229235494
7.7,7.92781450610312
8.0,8.098395012860026
8.0,8.206876035821367
8.0,7.930303344613843
7.4,7.905981966635515
7.7,7.892725223011761
7.1,7.410660646759317
7.7,8.005319368503216
7.8,7.939742392486276
7.4,7.782568663340126
8.2,7.969549703580717
7.1,7.863477201460328
7.9,7.894612737851799
7.0,8.074192652904218
7.3,7.7798371330133635
9.0,7.954949870575885
8.5,7.88769900311958
7.7,7.9212697789286795
8.5,8.395484986560389
9.0,7.950485956230988
7.7,7.689407302606811
7.9,7.725145665286039
7.8,7.766086575882943
7.1,7.8100626775654565
8.5,7.776449484284118
7.8,8.34917876202604
8.2,7.757247424586819
7.0,7.945217413439165
7.8,7.890279049978464
7.9,7.741612297883763
7.7,7.810317903524944
7.1,7.775464494442125
8.5,8.16776343544078
8.5,8.3183144430179
7.9,7.991812333872473
8.4,7.8277441901422655
8.0,8.109873649746904
8.3,8.443430753964542
7.9,7.891902504142397
7.9,7.754665541456198
8.4,7.9372852108267
8.7,8.136585465061115
8.0,8.060132889903768
8.5,8.048991428764063
8.2,7.8945030170372466
8.3,7.761087077945997
7.7,7.641579648911488
7.8,8.217410549005972
8.2,8.094421825301149
8.7,7.855978148379495
8.5,8.275437575785128
8.3,8.1615737327008
7.7,7.626115374216668
8.6,8.156334684053784
8.3,8.224865661090945
8.3,8.179110539055753
8.2,7.720195865884959
7.9,7.867962386169638
7.7,7.681117175966288
8.7,8.035129277714919
8.4,7.746112506514847
8.4,7.979221860984614
7.4,7.7357717641507096
8.7,8.297425770980178
8.0,8.251365155421096
7.8,7.916303248519214
8.3,7.6961570541248445
7.9,7.798798004948836
8.3,7.685953821336509
8.2,8.610183216722918
8.6,7.75763484153957
8.3,7.676097731750467
8.0,7.987537103535912
7.4,7.86275969603595
8.7,8.001649920128193
8.8,7.985321440113693
7.7,7.7112485977943415
8.6,8.20409920690065
8.3,8.04510613994521
7.8,7.82347976031733
7.9,7.97145583478895
7.7,7.517110531040434
8.4,8.119357266366213
7.8,8.156023867388592
8.7,8.004838430374548
8.5,8.139066843223587
7.9,7.694695392433351
9.1,8.36084141397191
8.0,8.140323922599592
6.5,8.354941133664786
8.1,7.824913068819544
7.5,7.86093461107093
6.9,8.047638532073043
7.7,7.7665692505685975
7.4,8.119558639728762
7.4,7.903449820442132
7.7,7.95396029012323
8.0,8.081757581315697
7.5,7.706492382003715
9.0,8.022929978667387
8.4,7.928271300417482
8.5,7.9723424503712215
8.2,7.9002521596994955
7.9,8.167180397421989
7.7,7.959529937041176
7.4,7.7211046170174775
8.2,8.008297998054474
8.5,7.968356812563278
8.5,7.704359663954177
8.5,8.299191977120472
8.8,8.224712443405556
8.4,7.9359941130060125
7.5,7.827815196877516
8.2,7.716275067921159
7.7,8.020432447590315
7.1,7.782163212909852
8.2,7.9574412596251145
9.0,8.038553678874527
8.4,8.058616146173154
8.7,8.235266746851847
7.9,7.800713358124649
7.5,7.855514143652127
8.0,8.233502631950074
7.3,8.164051418904116
7.9,9.230846212916545
8.6,8.17068298016238
7.9,7.887409955285204
8.0,8.202307566148662
8.6,7.758820514767796
8.4,8.019533081460509
8.1,8.091292931035058
8.2,8.063812126936144
8.2,8.05867645994688
7.9,7.885020915987636
8.3,8.078398661672749
8.3,7.865203898305994
7.0,7.704744542548877
7.7,8.057252351723669
8.1,7.917410414482354
7.7,8.023937844017544
8.3,7.786067762285834
8.3,8.313001374516128
8.1,7.852174831425878
5.5,7.796044466709259
8.0,7.987537103535912
8.3,8.015348648056348
8.2,7.632990110647154
7.8,7.82622783405969
7.7,7.953055308275663
8.3,7.91494465814913
8.2,7.885933013698331
7.1,7.412095476370177
8.3,8.163062939715319
8.3,8.07967406577129
8.3,7.71260617407123
8.1,7.840859987228941
7.9,7.724319999571352
7.6,7.612679132935288
8.3,7.79503878167908
8.1,8.446148073972296
7.8,7.922794827971104
8.5,8.117107097901371
8.7,8.234265684550076
7.9,8.115440448716022
7.0,7.673178291109965
8.7,8.05266608406987
6.9,7.6929967794251075
8.2,8.033811974556599
8.6,7.780051700560674
7.9,7.891876213017299
8.6,8.403963140938968
7.9,7.787771353473814
7.9,7.9981893543651825
6.9,7.656647762616663
8.6,8.274065393526758
8.5,7.823273428655248
7.9,7.527177992270378
7.1,7.415124561104214
7.4,7.939301898709924
8.2,7.526282597316363
8.0,7.78195643785549
7.8,7.871774912079948
7.9,7.824279795794577
7.8,7.697890296643908
8.2,7.934150710155529
8.5,7.879322166291824
7.8,7.768326682534301
6.9,7.724722456376338
8.6,8.138479026674197
8.6,8.30581268375937
8.8,8.383569427397575
7.2,7.894559457440078
7.9,7.785886785479099
8.3,8.253721678820456
7.4,7.714493969580451
8.3,8.23520172450507
7.5,7.9877189857322115
7.0,7.690876487820995
8.5,8.353077800283868
6.9,7.722968775740843
8.6,8.10515909459979
7.9,7.642697472703733
8.0,8.199389257410333
7.7,7.899755615935197
7.2,7.730771946350239
8.3,8.219455639745101
8.0,8.0943521967888
7.7,8.11442404976835
8.6,7.894409009686384
7.5,7.836105323518039
8.3,8.240303340899237
8.7,8.09767552217626
8.4,7.84481841368241
8.5,8.178817119739877
8.0,7.98140421803565
7.1,7.741828558293464
8.5,7.644575096835024
7.5,7.836105323518039
7.7,7.690523281193035
7.8,7.713791897508774
8.2,8.134521742091124
7.7,7.893035911578689
7.4,7.890499735179237
7.4,7.802037237846591
7.8,8.265812220440392
8.3,7.943782784671533
8.3,7.883378406710217
7.9,7.790731300480821
7.7,8.205288628378911
7.4,7.782427899831509
8.3,7.969661192643761
7.7,8.14390980613658
7.8,7.910567859763299
8.0,8.28532353823712
8.1,7.95577834254821
8.7,8.371690476167968
8.3,7.996818545363111
7.6,8.020335242715376
8.3,8.343611072881133
7.1,7.721259820254093
8.0,7.746723399633269
8.8,7.899550514486748
8.5,8.309076358884173
8.3,8.296288290609292
8.5,7.77310993018058
8.3,7.903129279030509
6.9,7.967177769446632
8.2,8.094871945774294
8.0,8.460878857744415
7.0,7.69533843732213
8.6,8.22090201654247
8.4,7.818251289768671
8.4,8.02325353857114
8.3,7.611530399261782
8.5,7.809131714309255
8.4,8.112820820361186
6.4,7.721994697097477
8.5,8.180777002682209
8.2,8.174414597242965
8.3,7.937742506410567
8.2,7.991384469077598
6.4,7.869144444966753
8.1,7.806738560415322
8.0,7.858849177488111
8.0,7.8605596796988015
9.0,8.12432460450147
8.3,8.1615737327008
8.6,8.124290156077919
8.3,8.059905302243891
7.5,7.787639967773446
7.1,7.483039829351572
6.4,7.7961275603252265
8.0,8.014320589605292
8.3,7.690056363344514
8.7,8.214385115072172
7.7,7.619713471052357
7.8,7.722244559995564
9.0,7.954949870575885
7.0,7.678129812993665
8.5,8.231333226304159
8.3,8.16226581215373
7.8,8.183226665885002
8.5,8.345741116383303
7.8,7.726549048828143
8.1,8.30704858131233
7.9,7.788756444700819
5.5,7.8609306502225795
8.5,8.081548926308875
8.5,8.29998050910136
7.7,7.966714331108649
8.3,8.210234290731233
7.5,7.82840558589021
8.5,8.216131285202929
7.7,7.619713471052357
8.4,7.984778319775241
7.5,7.964873824434197
8.0,8.063002549125487
7.8,8.339626232643505
7.2,7.738902647478444
7.6,8.441979018269313
8.5,8.201136691464361
8.1,8.392102825296583
8.0,8.202360076493632
6.2,7.743796127032882
8.7,8.204979009845426
8.7,8.163528376642812
8.3,8.10830375452242
7.8,8.37468684399688
7.7,7.847647536820968
8.6,8.409224182845454
8.5,7.941254475469262
7.8,8.38520892780985
8.5,8.237710246796867
7.7,7.943892650008048
8.1,7.904283902069579
7.2,7.790932874433546
7.8,7.766285806271981
8.3,8.00889215311642
8.7,8.147742140589406
8.5,8.293739799033878
8.6,8.104783007257984
8.6,7.8455168608597665
7.8,8.269147154842535
9.0,7.907275747861594
8.5,8.245775834913328
8.6,8.1214204968562
8.2,7.934150710155529
8.0,8.321664940261785
8.0,7.834407431408026
8.2,8.291994111809963
8.2,7.892885638289947
8.3,7.711161325006743
8.2,8.61353115248159
8.3,7.996941555880232
8.0,8.191896258331399
8.7,8.265544598204153
8.2,7.624924249363094
7.8,8.047295667987893
8.3,8.085299704699459
8.2,7.861920035571247
8.2,7.706517214390507
8.0,7.906633652758629
7.8,7.45349939585467
8.6,7.812733930585811
8.1,8.473090985553995
7.7,7.730060808247835
8.6,7.75278993795434
7.4,8.066288460430915
8.0,8.1196399430907
6.9,7.950713441947542
8.4,8.057021891049978
7.7,7.991417004348486
7.8,7.753340684376433
8.6,8.213090166438901
8.7,8.12908812457622
8.2,8.141410405859244
7.9,7.788887332060038
8.0,7.87037002410678
8.2,7.718507025093608
8.2,7.88969131142136
7.4,7.784659857003957
8.8,7.822069715500326
9.0,8.091539379519173
8.3,7.748406100852807
7.9,7.953318844872541
8.1,8.401666391191885
8.1,7.814235926671878
7.1,7.820032779550125
8.0,8.062268191983156
6.5,8.43561633742885
8.3,8.207647705760628
8.4,8.570667738486424
7.1,7.792685296722823
7.1,7.849776431619812
5.5,7.755390961068235
7.4,7.987767254454517
7.1,7.791250467111963
8.2,7.850000175476475
8.3,8.278432633229706
8.2,8.01433279019077
7.1,7.80910612449155
7.9,7.812163456858428
7.1,7.760640768746957
7.8,7.983944775487824
8.0,8.251251198430207
8.5,7.9372688376613185
8.3,8.306464928511101
8.3,7.994062565656663
7.9,7.5846665862200755
8.0,8.125387026700592
8.5,8.218579185318738
8.2,7.7943108229149125
7.8,7.819015845972433
7.1,7.716636480396879
8.1,8.603819905654543
8.1,7.796061418267656
7.9,7.748581215596747
8.0,7.841269192708355
7.9,8.00759545959193
8.6,7.762355468693404
7.1,7.76184246755415
8.3,8.793210327989668
7.8,8.039643243396641
7.4,7.8331270320331505
8.4,7.774469857901298
8.2,7.941533543170981
8.3,8.280186313865201
7.9,8.058930474558242
7.7,7.705828130375538
7.8,7.53002757145471
7.1,7.660962218349291
8.6,8.295450025458717
8.0,8.13500513182686
7.7,7.694005759792425
8.6,7.968014379583291
8.0,7.733008962989267
8.2,8.012597702240457
8.2,7.98920098717144
8.2,8.008293213407878
8.3,7.601059259823455
8.7,8.319981534930397
7.9,7.944672348719569
6.4,7.7012693804961705
7.5,7.8286123244391055
7.1,7.81676552635123
8.1,8.660256537015023
8.3,8.069817094354459
7.8,8.070831679700992
7.5,7.954239628145485
7.9,7.959977197902073
8.5,7.96851007037671
8.0,7.887183740255865
8.1,8.040762534453522
8.4,7.845353626862687
7.1,7.865699334413967
7.7,8.113459533283892
7.1,7.971646441764297
7.0,7.594228420500603
7.5,7.726829804881118
8.2,8.098368627867403
8.3,8.04504996882869
8.3,7.754979787383874
8.0,7.905989486438693
7.5,7.803423093492902
8.3,7.832982053610702
8.3,7.716760855131069
7.9,8.103324109779873
7.7,7.799092055081417
8.5,7.760005873837935
8.0,8.198321928340718
8.7,8.09767552217626
8.1,7.908296978939346
8.1,7.9376312732058105
7.8,7.675692310398783
8.0,8.11558008744781
8.6,7.737006812234884
7.5,7.87432013343772
8.2,7.960344969441929
8.6,7.75722625964462
8.0,7.9543018809416335
8.2,7.861501935987474
7.1,7.713447970150524
6.9,7.970047428668352
8.2,8.050700399684398
7.4,7.896239053622676
7.7,7.715074810089967
7.5,7.990866403609889
8.0,8.043654883871758
7.7,7.815100668894477
7.0,7.670946333937516
8.4,7.819941981000582
8.0,8.034959771582306
6.8,7.9482019108438156
7.7,7.641739074423806
7.9,7.567034370349813
8.6,8.274065393526758
8.6,7.7245716222741
7.7,7.619100651674687
8.4,7.937110091592237
7.9,7.932556009783421
8.2,8.189324081877336
8.1,7.9927881332901265
8.2,8.044362214433379
8.3,8.28449080269778
8.0,7.776057693899733
7.7,7.83409636827396
7.9,7.871961682856153
7.8,7.756561329402803
6.4,7.799953772620853
7.7,7.803622032007599
8.5,8.05616557681836
9.0,8.02748258414917
8.2,7.485060881580232
8.0,8.054074720435693
7.1,7.842266631053641
8.2,8.296503516044721
8.7,7.962147078475294
8.3,8.227462999069907
7.0,7.752731621756517
7.8,8.373411439898337
8.3,8.4816928769208
7.7,7.718103894824004
6.9,7.653618677882625
8.3,7.99502844973242
8.7,8.000064996006866
8.0,8.00029114452133
8.2,8.056440629518123
8.6,8.173967785072598
8.3,7.986897748604215
8.5,8.279263788080755
7.0,7.722600199928464
8.5,8.285632212992764
8.4,7.831086304580203
8.6,8.105637371136742
8.0,8.033451651083421
7.1,7.875802360170443
7.9,8.454901390832129
7.9,8.004312639060146
7.8,8.039643243396641
8.5,8.226550460934625
8.4,8.073109694561156
8.4,8.046874907318776
8.8,8.412565222201785
8.1,7.69055120176974
8.1,8.388953841824886
6.9,7.623965532591526
7.7,8.089713095359102
7.8,8.332757934257314
7.5,8.189574891560984
7.4,7.785820238570916
8.4,7.606905088357227
8.3,7.855000665517659
8.4,7.928235933229766
7.9,8.222802570717228
7.8,7.817262165336937
7.7,7.807926520840178
8.0,8.081757581315697
5.5,7.735929259502899
8.0,8.184047850067067
7.9,8.070641879754737
7.1,7.690774789152709
8.2,7.6896510073640965
7.7,8.091147924969961
8.2,7.956040480609349
8.6,8.339111002552396
7.7,7.892127254757618
8.3,7.824335166028309
7.9,7.9344691159312335
8.6,8.142473053628294
8.1,8.58628309929959
8.5,7.926007887614571
8.7,7.921334147321952
8.2,7.750240438614685
8.7,8.394933343202707
6.4,7.678471532234734
8.3,8.081896753315451
7.0,7.69677326693299
8.0,7.88786462072994
6.4,7.730444249250318
7.7,7.893721509880796
7.7,7.949998715728959
7.9,7.793851840427086
8.0,7.817827178126981
8.0,8.108161306203822
8.1,8.51852529172079
8.2,7.8307544253915315
8.6,8.123908174204827
8.5,7.614481545424428
7.5,7.811553794621107
7.0,7.675250822770095
8.0,7.936680365106553
7.4,8.190879740579897
7.0,7.756398408539825
8.0,8.210597692789184
7.2,7.744004263872612
7.7,7.956821668175536
7.4,7.812004768284117
8.7,7.910615356292164
8.2,8.098368627867403
7.6,7.906040439124475
7.1,7.742711406076021
8.3,7.984018758380645
8.6,8.433775711742387
7.8,7.786808782150299
8.1,8.465277170606663
8.2,7.7943108229149125
8.4,7.8993988755384015
8.3,7.969719360035752
9.0,8.340665024716646
8.2,7.938345032924626
8.7,8.102458287545792
7.7,7.718103894824004
8.5,8.55996224128124
7.9,7.728676072614457
7.9,7.852111861513816
8.8,8.41784591254589
8.4,8.01844053701478
8.4,7.952265156224308
7.0,7.954028770011803
8.4,8.05652944128011
8.0,8.10072921728151
8.6,8.204418057925286
8.3,7.716773009729142
8.0,8.144117254152686
8.7,8.30521003753147
7.5,7.7755236288372975
8.0,8.090844264914844
8.2,8.129380089245865
8.0,7.791374487525461
7.9,7.9162946075270115
7.7,7.481877492818213
8.0,7.993176142665973
8.7,8.15969204646786
8.6,7.73157701381423
7.8,7.7979716783464905
8.4,7.940700212370884
8.0,8.11784492536279
8.3,8.125966832414734
8.1,7.878006131598975
7.8,7.761463236025728
8.3,7.927585141834372
7.9,7.80348534146624
8.0,7.823259589989009
8.3,7.608501314527745
8.0,8.15044955481631
7.9,7.886455745598496
8.3,8.25914214623926
7.1,7.347846994906127
7.9,7.935744520029775
8.5,7.710896109959204
7.9,7.8431182973731675
8.5,8.029940089686018
8.0,8.149889453338655
7.7,7.838846789060407
8.8,8.075715705597853
8.0,8.437751192967097
5.5,7.821074272143144
8.5,8.38011110092255
8.0,7.667644502938993
8.4,8.073820527226193
8.2,7.906277381324637
8.6,8.202800077685435
7.9,7.915056721916283
7.9,8.139368417747345
8.3,7.625170179831192
7.7,7.942186865625389
8.3,7.737283555516605
7.8,7.99388812136145
7.8,8.2429290618392
8.6,8.015592466096304
7.1,7.77865300468848
8.2,7.63921776578404
7.0,7.6666418451049365
7.7,7.865774148972355
6.4,7.675761298525332
8.1,7.727189596946391
8.0,7.930303344613843
8.1,7.746428724831428
8.1,7.8282653717558395
8.9,8.1008368988441
7.9,8.139121507254066
7.1,7.711853715027346
8.7,8.006432685497725
8.2,7.906584521195755
6.2,7.726578171702566
8.3,7.864729551456565
8.3,8.0613113710851
8.3,8.32479886242764
8.1,7.828420430090535
8.1,8.51852529172079
8.5,8.142255353469942
8.2,8.05548316505393
8.5,8.26331264126828
7.8,7.856996957937014
8.3,8.08955844753499
8.4,7.906340967714913
8.5,7.845205106655827
8.6,7.6672791380885315
8.2,8.00192687209305
8.3,8.197411710386879
8.4,7.8162812469775345
7.8,8.27192793788085
7.1,7.8423523512746085
7.7,7.622926863970313
8.0,8.101225570671312
7.0,7.69677326693299
8.0,7.851465961226025
7.0,7.81538584809739
6.5,8.415688148389131
7.1,7.793801275309047
8.2,7.700618470434751
7.7,7.694165185304742
7.1,7.707195616921436
7.7,7.96924130646657
8.6,7.945207200320004
8.3,7.915582360198401
8.8,8.461050226383996
8.6,7.953715300268584
8.3,7.622711957461674
8.6,7.683170205865377
8.4,7.831161661688739
7.9,7.9162946075270115
9.0,7.894687026919779
8.3,7.7046566707929935
8.2,7.966343746139367
7.7,7.417947862378798
7.4,7.8458686316827695
8.3,8.034406551274902
7.0,7.726906653604805
8.2,8.074971912798384
8.0,8.063582502308511
7.7,7.897834228617972
7.8,8.122711794689232
8.3,8.043928150683268
7.9,7.828293971755619
7.4,7.910328946232303
7.1,7.7694091719244325
6.9,7.895711640197922
8.6,8.056056036805925
7.7,7.651952131430951
8.1,8.395289370699174
8.2,7.899250947629139
9.0,8.016169267305898
7.4,7.801728157032143
7.1,7.76589896370306
8.6,8.292173609694652
8.6,7.836328906408837
7.0,7.772819236308552
7.2,7.928300156111921
8.7,8.086675161826335
7.9,8.053944124125303
8.2,7.674832171288394
8.2,7.941852394195616
8.3,8.113800456409137
8.5,7.893896965768245
8.0,7.95031624313369
8.0,8.019160533238107
7.4,8.018217527307206
8.3,8.12079657832098
8.2,8.183903614458533
7.2,7.981286936140929
8.7,7.738484656135269
7.4,7.781845737210537
8.3,7.858017789435183
6.9,7.672749739360754
7.7,7.7703020999331915
8.2,8.006550211950264
7.9,8.099179046459613
7.5,7.9209311195845515
8.2,7.650711848253413
8.8,8.435207574638428
8.6,7.866509545030779
7.7,7.907886317063402
8.3,8.166356498070334
8.3,7.792602432745879
8.0,7.923894786513749
8.5,7.883281850313416
8.3,8.250533168574101
7.4,7.757089488740676
7.9,8.159527972830737
8.1,7.819970877937695
8.6,8.292899217261633
8.6,7.73157701381423
8.7,8.06832446967891
7.5,7.803423093492902
8.4,7.986053723873783
8.0,8.109337624343702
8.6,7.895635196991036
8.6,8.24937605239889
8.0,7.987537103535912
7.0,7.777920852702721
7.7,7.674740155473579
8.2,8.515643887918497
7.1,7.868568993635686
8.3,7.627402137003641
8.4,8.070950868004473
7.7,7.841270516328259
6.4,7.752285544437848
8.3,8.472905163370822
5.5,7.709476413520725
7.0,7.718295711095886
8.5,7.7316529912957614
7.1,7.771969574506935
7.7,7.738510360400675
8.7,7.734552462922386
7.9,7.876890214859431
8.7,8.01599821623679
8.0,7.759728718558267
7.9,7.603159945648933
7.5,7.830694314768948
8.7,8.154657278656899
8.6,8.75406156598873
8.0,8.146860368604619
7.0,8.058409527184761
7.8,7.736111469233257
8.4,8.012890880270488
8.2,8.093437116163434
7.8,8.157080881864891
7.9,7.822616402944369
8.0,8.14084695743183
8.5,8.064407908774857
7.3,7.90808957098777
8.1,8.470061900819958
7.9,8.050799773430038
7.2,7.888023011435051
8.1,8.4317997778637
8.6,7.75278993795434
8.4,7.892604162528745
8.3,7.909145392001757
7.7,7.453659177137973
8.2,7.811063297141887
7.8,7.654963883463527
7.8,8.261986008144765
8.5,8.119238754927562
7.8,7.8740594174425365
8.2,8.419234683574942
7.7,8.395967348062124
8.4,7.97603335073826
8.5,8.266350321583017
8.7,8.163364609724535
8.0,7.599569809179317
7.7,7.93927747260854
8.3,8.019929687346124
7.5,7.868433830817764
7.1,7.83668673812252
8.4,8.075674675991152
6.4,7.407533701259735
8.6,7.762355468693404
7.7,8.013188849446585
8.3,7.99424940151585
8.0,7.745778791002587
8.4,7.8162812469775345
8.1,7.777119254958274
8.2,7.7012273412861365
8.3,7.989655503617978
8.9,7.8010315873046014
7.2,7.886428756311873
8.1,7.847715284258604
7.9,7.9740066429860335
8.3,8.056265925807452
8.3,8.227462999069907
7.1,7.732419606116335
8.3,8.063103143492095
8.2,8.099803457478263
8.6,8.026794312086649
8.4,7.586658048292874
6.8,7.910817535839485
7.4,7.568797699289551
8.3,7.961656333258228
7.1,7.893123369483
8.2,8.15930800881447
7.7,7.780120419115606
8.2,7.627410217716033
7.4,7.860193359072824
7.4,7.820107860166795
8.1,7.782031973183694
7.4,7.818732711667348
7.7,7.644424425461607
8.1,7.7660850547742974
7.7,7.93321114068276
8.4,8.074399271892611
7.4,7.985216446257433
7.9,7.884542639450682
7.8,7.809128353874783
8.6,7.828062453593298
8.5,8.053774194133595
8.8,8.018094507298452
8.7,8.028752257222209
8.3,7.82488001447399
8.5,7.965849068890524
8.7,8.039921374086301
8.6,8.28604392023197
7.9,7.832251071410464
8.2,7.628909887171037
7.8,8.308525256385018
8.3,8.23921395719954
8.2,8.00398561424135
8.3,8.259906511215434
7.4,7.902942965092521
8.3,7.973419738316782
7.5,7.956749343973892
8.3,7.825666371251194
8.6,7.755309585735053
8.0,8.085424368099005
7.4,7.851106104870712
8.7,7.615154084604374
8.4,7.937110091592237
7.1,7.875991134373653
7.7,7.877300682112068
8.0,7.976277038360292
8.7,7.882115471291788
7.2,7.921978680714967
8.0,8.013621977399401
7.8,8.160269392111246
7.4,7.899670138055175
7.7,7.907886317063402
7.7,7.487624670636699
8.6,7.808270016240914
7.5,8.192123734914306
7.4,7.707242919451836
7.4,7.860193359072824
7.4,7.9644550689526525
8.2,7.890922683379464
8.0,7.955652001072364
8.2,7.9684271953038435
7.8,7.922794827971104
7.1,7.885078388575764
8.2,8.071416076261105
7.7,7.841860322124694
7.9,8.07248164310525
7.7,8.055492361889621
7.9,7.819427892698014
8.5,8.096593185794555
6.4,7.781460413191994
8.0,8.109372313338657
8.4,8.085270062862742
7.7,7.93927747260854
7.1,7.803488626361352
7.8,8.170794615099018
8.0,7.716922773273075
7.2,7.8736747153264535
8.0,8.032813378431188
7.9,7.916427741914231
8.4,7.9614255410421855
7.9,7.924599882901275
8.3,8.34456762595504
8.4,7.825362448419385
8.2,7.671476498959874
7.7,8.041399201716274
8.6,7.749254984028732
7.7,7.851600830045826
7.7,7.750626699336824
7.9,7.985203947336089
7.2,7.990214764830723
8.3,8.440242243718188
8.4,7.897655336115089
8.3,8.352220050546292
9.0,7.982689909719172
8.7,8.274759764678782
8.6,8.69252331823408
6.9,7.964902312543821
6.9,8.00810662638193
8.0,8.032175676381916
7.9,7.906729076787947
7.8,8.300248131101023
7.0,7.701874883327158
8.0,7.861994509309661
8.2,7.941350994034541
7.9,7.959782960553879
7.7,7.797396155857794
8.2,7.810779382774514
8.2,7.962694406551055
8.3,8.224292402559229
7.7,7.997794024841196
8.1,8.489192962298088
7.8,8.28442800645517
8.3,8.278592058742024
7.4,7.916653559151847
8.1,8.135921107518694
8.3,7.94316297382937
8.3,7.627402137003641
7.7,8.025017670822784
6.4,7.71609595314172
8.2,7.965287944506324
8.6,7.75722625964462
8.3,8.265040890195015
7.3,7.481770283251636
9.0,7.991898434320584
6.4,7.767590393620351
8.3,8.340741413659416
8.4,7.860123262864913
7.9,7.853932941085676
8.0,7.895792717921022
8.2,8.037826552610897
8.5,8.318494918785044
7.9,7.920981944044415
8.2,8.571919128922898
7.3,8.001672346718285
7.8,7.788562462785794
7.8,7.331857729956233
8.4,7.732242486943203
9.0,8.016234107150042
8.5,8.370033422020594
8.0,7.623483636026978
9.0,7.899150941264676
8.0,8.078912219614729
8.0,8.170103612660478
8.7,7.741291793428025
8.5,7.851808630516361
8.7,7.709906802263374
7.7,7.872653278841181
7.5,7.916249043177286
8.5,7.776449484284118
7.2,7.9470104509926145
7.4,7.929682854558332
8.0,8.216815287769576
7.8,7.519342132441897
8.0,8.076177117781613
8.3,7.713722152657454
8.2,7.878500288852292
8.2,7.9413248582098275
7.9,8.084872673514946
8.3,8.234750042854644
8.6,7.252295983496924
6.9,7.813407641500616
8.2,8.206271684775572
7.8,8.141440901818765
8.5,8.228144716057804
8.5,8.130298440046111
8.7,8.303879558186305
8.6,8.342002275055497
8.2,7.984596413717699
8.4,7.961379327580064
8.2,7.937365356226597
8.5,7.759841707084513
8.5,7.822505888396841
7.2,7.881805416454658
8.7,7.880173249418721
8.7,8.059572824732319
7.7,8.12143080889978
8.3,8.313825096964244
8.0,7.8183119189346
8.0,7.933232150034502
8.2,7.959354365772928
7.2,7.687488765594053
8.0,7.9052420015725735
7.4,7.855410593703291
7.1,7.794595555920254
7.9,7.817293611405694
8.5,8.23939881442062
7.0,7.823994825762548
8.3,8.14887406911904
8.3,8.270753613751927
7.9,7.812094319131398
7.0,7.688164289267832
8.5,7.9372688376613185
8.2,7.7370003845224655
8.3,7.852609282832892
8.3,7.765305205158487
8.5,7.976864626043931
8.3,8.222633703918497
7.8,8.18195440096126
7.7,8.034521745070029
8.8,8.535501940636383
7.3,7.779040005451775
8.1,8.01211080581105
7.2,7.974591064623584
8.3,8.241738170510096
7.5,7.7484212917432815
8.2,7.898300289086518
8.2,7.970867837437445
8.1,7.931938003525123
7.0,7.706817074209008
7.1,7.718230735520056
8.1,7.910821806677426
8.3,7.854504497773598
7.9,7.885908331334512
8.3,7.999061608844725
7.1,7.7499564124712865
8.4,7.848782536447472
8.5,7.595191058433981
7.9,7.958197226141479
7.7,7.873267148051289
6.8,7.89710694178016
8.2,8.174414597242965
7.9,7.502148186836492
8.3,8.1615737327008
9.0,7.962596400635851
9.0,8.058783855707835
8.7,8.271602767672228
7.9,8.091293853558744
7.9,7.807568655154312
8.5,7.845205106655827
8.5,7.784942262999721
8.0,7.959722348360437
7.2,7.849862804051592
8.9,8.072140306626906
8.6,8.242265035193046
8.0,8.183687661950017
7.8,7.799725358981986
8.2,8.079561202060505
8.6,8.148522833950215
8.2,8.132801428194085
7.7,7.612085929132706
8.0,7.842219281511596
8.3,8.25914214623926
8.8,8.399458927847776
8.5,7.98961866702935
8.4,7.9461973457943476
9.1,8.479453995136309
7.5,7.851534726512083
7.8,7.75986898090255
7.9,8.049119435591841
7.9,7.558903669221608
8.2,7.904008370823131
7.2,7.841789612862906
7.5,7.9204003271654475
7.8,8.054729702956902
8.2,7.9795760636617405
8.8,8.422309826890785
8.3,7.809124546522939
8.0,8.18971295067556
7.7,7.767206952617869
7.4,7.961904260755569
7.4,7.772224667043173
8.0,8.191896258331399
8.2,7.971820600394629
7.4,7.875043500436916
8.0,7.791533913037778
8.4,7.880508213398703
8.0,7.921619650916497
7.8,8.294495811301056
8.3,8.073766052187246
8.5,7.91197844253061
8.3,7.75775503269136
7.8,7.747111829583181
8.8,8.638967133286835
7.7,7.955060598327997
7.4,7.843111752500914
8.0,8.252631157856559
8.5,8.296609458255597
8.0,7.855617488816952
8.3,8.265200315707332
8.4,8.067862825887584
8.0,7.886870214023135
8.2,7.714043110748711
8.3,8.231720958120608
7.4,7.914934773009175
7.5,7.804060795542173
7.9,7.765382644022299
8.6,7.90807038695182
8.2,8.04287890955623
7.8,8.305190321982874
8.6,8.162406607428192
8.0,8.194050320250671
8.5,8.266406839014062
8.7,8.142962485553824
8.0,8.192537141375851
7.5,7.666974073432645
8.2,8.285260933576877
7.4,7.712280674411702
8.0,7.72069120475537
8.1,7.882306253253931
7.8,7.975083770283004
7.9,7.930706900295798
8.1,7.907685458230971
7.4,7.9446688527162
8.3,8.170874789818889
8.6,8.307885215419502
8.7,8.330025342206413
8.6,8.322871213577368
7.8,7.869553733377157
8.5,7.9372688376613185
8.0,8.167365253344359
8.6,8.150754791122663
7.6,8.498256224117476
7.7,7.686353335201173
8.3,8.17446060431201
8.5,8.139066843223587
8.3,8.17516067802133
8.2,7.959647874622022
8.3,8.02858096557872
7.4,7.893058583328821
8.0,7.769999524431659
8.6,7.9607411151157
7.5,7.882450834565925
8.3,7.959364656277608
8.3,7.646604011971685
8.4,7.809419897187611
7.7,7.819078025533007
6.2,7.696446749874513
7.8,8.101659767688243
8.1,8.419203197546835
8.1,8.016012168490636
8.2,7.9684271953038435
8.3,8.37772813251713
8.4,8.046105560737455
8.0,7.975186623055258
7.9,8.306476238864311
7.8,7.877521898659094
8.7,8.073921120840916
8.6,7.864547222089077
6.5,8.037484822262124
5.5,7.902062432400557
8.2,8.031570249596555
7.9,8.383000484776828
7.9,8.118538285661426
8.3,8.088948155832588
7.8,8.557064135615166
8.5,7.8110880470198305
8.5,8.207619813520216
7.4,7.752571703210982
8.3,7.676097731750467
7.0,7.743327481373533
7.5,7.7484212917432815
7.7,7.659435306291075
7.8,8.544310094629747
8.7,8.061167079855498
7.9,7.755595938138728
8.2,7.955343385789443
7.2,7.893762329878489
8.3,7.9944505186131
7.9,7.7042609231724155
8.1,7.714435555960972
8.2,7.995376636576191
7.2,7.891370947193723
8.4,7.897253713512801
7.7,7.900218222090694
7.4,7.895462407349387
8.1,7.909731808550205
7.5,7.847389663191822
8.2,8.263572293870274
7.1,7.415124561104214
8.3,7.965129611676259
6.4,7.478159203216494
8.3,8.158203939877874
8.2,7.727529439451574
8.0,7.8929165944286375
8.2,7.9285813686392945
7.7,7.95648726548115
7.0,7.691033948489551
9.0,7.906962791368245
8.3,8.124641391246744
8.3,8.024662994393381
6.9,7.884989696531282
8.3,8.131618022017223
8.5,8.1310955676077
8.3,7.614740681845787
7.8,8.366728569737521
7.7,7.686537643385091
7.5,7.893304210739331
7.9,7.8526575369871345
7.1,7.785508301718143
8.0,8.26458807128039
8.7,8.086145441656596
8.3,8.040856730027187
8.4,7.961379327580064
6.9,7.720736818568395
7.9,8.050799773430038
7.1,7.793960700821365
8.3,8.124922150499879
8.3,8.180997050317037
8.2,7.907592124601974
8.0,7.992538440616702
8.3,7.676097731750467
7.7,7.927655080590802
8.0,8.13959846962328
8.3,8.089886629561477
7.2,7.808308290432418
7.9,8.088406863833372
8.5,8.080079403666023
8.7,8.043109884332656
8.0,8.069060718593562
7.8,7.85189927123037
7.7,7.789409328572157
7.9,7.625001240836464
7.7,7.644424425461607
5.5,7.850408566409609
5.5,7.779304787915896
8.5,8.422169366415497
8.0,8.08303298541424
8.3,8.069817094354459
7.1,7.971076143475976
8.6,7.876822986537543
8.9,8.04147558212144
6.4,7.801069751207077
7.9,7.902717147854905
8.6,8.22368879001641
8.2,7.963301865971719
8.5,8.436138492201412
7.0,7.777922817546482
7.8,8.160806632758126
7.7,7.918273038777728
7.1,7.599705890372107
8.6,8.108347604846145
8.2,7.675078445899038
8.2,7.6726971233707655
7.8,8.127906013110746
8.2,7.9872198527770815
8.3,8.197411710386879
7.7,8.062050787474659
7.7,7.93321114068276
8.2,8.284390185811265
7.7,7.86194793667673
8.3,8.1573157736501
8.0,8.090525984493173
7.9,7.929367499537066
6.2,7.708722514322979
7.7,7.843788979942257
7.0,7.758470940199956
7.9,7.816990251458311
8.2,8.07004033031789
7.7,7.879770028700546
8.6,7.573137393059497
7.9,8.07248164310525
8.5,7.9372688376613185
8.3,7.985453587991505
8.2,7.632192983085565
8.7,8.027158002099032
8.9,7.681621878578613
7.4,8.067426497200861
7.1,7.697630086182372
7.1,7.775464494442125
7.8,7.717021358122037
8.0,8.252661159917352
8.4,8.14473577895726
7.7,7.841111090815941
8.2,7.892885638289947
8.5,8.231754985410067
6.8,7.894715559095394
8.5,8.228005444909574
8.4,7.916467546568582
8.8,8.588537585456617
7.1,7.761116198333529
6.9,7.952107837217051
7.9,7.8745313000152874
7.4,7.804049391649118
8.2,8.07380745894587
7.5,7.710318594299341
8.0,7.808580498412552
8.3,8.252379018939857
8.2,7.71691276997043
8.5,8.252949982967626
8.7,7.778399903275001
8.6,8.016035883812622
7.4,8.14520124745142
7.5,7.958349819764971
9.0,8.009538235632697
8.3,8.06786730823149
7.4,7.998129912755171
8.7,8.10209732389022
8.3,8.264881464682698
8.1,8.527437401660487
8.9,7.633634799370973
8.3,8.064378547590637
8.2,8.105224836287352
7.9,7.75900562352959
7.1,7.775307915880189
8.4,8.045702299621112
8.1,7.7458423818875675
7.3,8.26569809107493
7.7,8.00288825202332
8.3,7.6872292254350505
8.5,7.712521929817632
7.4,7.681521795902067
8.7,8.31365958968431
7.2,7.964385866991487
8.7,8.312384185585769
8.3,8.12639507188224
7.1,7.89726558585288
8.2,8.076843073370558
7.9,7.56001817618103
8.1,7.81904816469784
8.4,7.573766354132787
7.5,7.791944456606025
7.1,7.812757866476668
7.8,8.332757934257314
8.5,8.207619813520216
7.2,7.757714857931937
8.4,8.002952828179463
8.5,8.379598952759657
7.3,8.053550478065695
8.0,7.881848660993657
8.5,8.384962902747418
8.0,7.893763364685696
8.0,8.156178722904325
6.9,7.677851355754922
7.9,8.03572769255715
8.1,8.10882646831
7.8,7.844201966584686
6.2,7.690707431431074
8.3,7.734732747319521
8.4,8.193165570555633
8.1,8.392100860452821
8.7,8.116436288996967
8.5,8.062157275133922
8.5,7.697982643461467
8.2,7.795120745910113
8.5,7.709939556885298
7.1,7.773002253416391
8.2,8.065053480439591
8.4,7.990367853668248
7.9,7.781901147671156
8.7,8.336935714482701
8.6,8.258782157625637
5.5,7.840843035670544
8.5,7.712521929817632
7.7,7.793193311125661
7.8,7.83961957709438
7.2,7.780672131705693
6.9,7.844376625231608
6.9,7.815435572885133
8.4,7.842914796564945
8.6,8.014626938279097
7.7,7.896088829151889
8.0,8.194131396499028
8.6,8.38281520620884
7.7,8.162881442102393
7.1,7.83668673812252
8.3,8.021474484147028
8.8,8.582693857126195
8.5,8.226550460934625
8.1,7.786336462016274
8.1,7.7311752347543345
8.2,8.055004888516978
7.4,7.768294568663529
7.8,7.718418347699938
8.5,7.9359853010201284
7.7,7.863247173614434
8.2,8.252183223620388
7.8,8.037730137248829
6.9,7.658401443252158
8.3,8.125757369832968
8.6,8.08843316971276
8.1,8.121572811410097
7.7,7.619713471052357
7.9,7.752720058249109
7.5,7.836542507686316
8.5,7.845205106655827
7.4,7.970379956802925
8.8,7.913707582426608
8.4,7.917032118002087
8.1,8.04255944165178
8.7,8.164634237349711
8.6,8.153880170520562
8.0,8.14084695743183
8.0,8.079047347606297
8.2,7.973259220122211
7.1,7.408269264074551
7.8,8.240769413649977
8.0,8.127091605077219
8.2,8.144283175414913
8.6,7.809052378911473
8.4,7.935531530191205
8.6,8.2656374546553
7.5,7.803423093492902
8.7,7.773239417820537
8.0,8.171093046476916
8.6,8.195496123766778
8.6,7.8455168608597665
8.3,7.6212771278508145
8.3,7.776495639106649
8.2,8.637285553816934
8.3,8.088761319973402
8.0,7.902488589438368
8.4,7.884340247015064
7.4,7.815643945821899
8.2,7.746406489749212
8.8,7.96233236368352
8.5,8.318494918785044
7.4,7.860489133343548
7.8,7.845799332041813
8.0,7.930632867762886
8.3,7.755618623639772
7.9,8.238240016364612
8.2,8.127062109750646
7.4,7.903704725466395
7.2,7.875747246986585
8.3,8.440242243718188
8.0,7.816187086633698
8.5,8.28626676444858
7.5,7.904132704241138
8.2,8.559167052781241
7.1,7.3414699744134175
7.7,7.674261878936625
6.2,7.683533283376775
7.9,7.7715099512174035
8.3,8.092510596018135
8.1,8.091532491925552
8.3,7.646604011971685
8.8,8.383569427397575
8.3,7.994408827028167
7.4,7.864019571368449
8.4,7.866015954060409
7.9,7.851230850413691
7.7,7.876309819611315
8.5,8.36296218204757
7.4,7.6110552443001245
7.5,7.639871736338629
9.0,7.995812518250297
8.1,8.066666041691509
8.5,7.999444787465238
7.0,8.063032867041976
7.9,8.043698968173038
8.3,8.128298847028201
8.5,7.933660312205823
8.0,7.956055561577129
7.5,7.384010435094241
8.6,7.85864847813332
8.2,8.033331733175883
8.0,7.893763364685696
8.5,7.64461296725248
8.7,8.31365958968431
7.5,7.770422012443129
8.1,7.8472326405440285
7.0,7.653412617601962
8.2,8.121322791307207
7.0,7.793863403934495
8.3,8.051934026628004
7.8,7.696098775975454
8.1,7.817420069740611
8.2,7.517675584494967
7.9,7.859207641870734
8.0,7.601004638790177
7.9,7.759741001458989
7.7,7.759235677001982
8.2,7.680339487805523
8.6,8.106690218874512
8.0,7.811659225842059
7.3,8.029748332844672
8.2,7.887146319846508
7.7,7.987521341963429
8.3,8.281204457466162
8.6,8.222017995128693
7.1,7.699099674041927
6.9,7.6941127580113315
7.9,8.091048345331407
7.7,8.119525666162518
7.1,7.814207740885718
8.4,7.501367364046644
7.7,7.6807983249416525
7.1,7.863477201460328
7.7,8.055436610210787
8.6,8.409224182845454
8.2,8.021135210729037
7.7,7.9223857575149035
8.3,8.0644158483496
7.7,7.805367431473681
8.2,7.841902422191202
8.5,7.905448217193483
7.8,8.037033471089632
8.3,7.344677219880022
8.0,8.178504515296709
8.4,7.943646537597264
7.9,7.797080813160863
8.9,8.404539116457075
8.3,7.886730272156414
7.7,7.69227696182853
7.4,8.025497587461295
8.0,8.423721747883135
8.0,7.845886068294904
8.7,8.303344550945473
7.2,7.896791414612526
8.3,8.099254643016723
8.5,8.140661098346763
7.5,7.750493823403412
8.7,7.872398976148222
6.5,8.394638086231904
8.4,8.073109694561156
8.3,8.076896928595826
7.0,8.027640403307437
6.4,7.60816488130261
8.2,8.00635954973112
8.6,7.8455168608597665
8.0,7.975186623055258
8.5,7.904279256400625
7.8,7.902752079972206
8.4,8.095154444626441
8.1,7.848645856873507
7.8,7.9327276699442955
7.2,7.821383147286235
8.0,8.032813378431188
6.9,7.634806467429132
7.7,7.954111434466134
7.4,7.927288423004682
7.7,7.754134060607814
6.4,7.406744433073193
8.7,8.357182754547054
7.4,7.605634776881321
8.7,8.28193391273308
8.8,7.80928583670225
8.2,7.87170516877581
8.7,8.258864833008822
8.8,8.336379475751523
7.2,7.9119368382827115
7.7,7.768616899557128
8.7,8.006432685497725
8.2,7.8757900551428905
8.3,8.07880000195881
7.1,7.872557478394011
9.0,8.120746508855051
7.4,7.814950704344328
8.2,8.108881071655773
7.4,7.760118098317212
9.3,7.868675533476444
7.9,7.716855538645516
7.8,7.8982472152604
8.1,8.000323142118347
8.0,7.851631851009008
7.2,7.910183157647216
8.0,8.123711278445404
8.5,7.9056014220379005
8.5,8.067325362680602
8.4,7.983671982150903
8.6,8.34660400163133
6.9,7.805232340096798
7.4,7.94005374227484
8.3,8.430678677822884
7.8,8.04331003017995
7.8,8.151341563421452
8.2,7.71193768180931
7.7,7.638550564177451
8.6,8.45609528346687
8.4,8.044427275576876
7.5,7.9554739398753505
7.1,7.338281464167062
7.8,7.758312565812332
8.0,8.021394458346213
7.1,7.723616444690164
8.6,7.828062453593298
7.7,7.743452551282525
7.7,7.776997971450537
8.1,7.782031973183694
9.0,8.061764963828772
8.2,7.914408082452843
8.6,8.174446061609551
7.8,8.166386525689246
8.5,7.8751511491852115
8.2,7.88486451391139
7.5,7.787346555900439
8.6,8.370380016248056
7.9,7.960933750975979
7.9,8.114410552844816
7.7,7.459398495581412
8.5,8.21896333922557
9.0,8.039758348597637
8.0,8.167426259693608
8.0,8.152918538072694
8.5,8.608535936600342
7.9,7.696289647556529
7.4,7.571419334798873
8.7,8.119841444861791
8.0,8.162005792274805
8.1,7.979109724761277
8.6,8.627158858183806
6.4,7.863245701010996
8.3,7.9964632793432795
8.6,7.861349380840872
7.1,7.803293100756762
8.2,8.103480923439452
8.3,8.02775820106192
8.3,7.996125827688506
7.8,8.183226665885002
8.6,8.224777349932143
7.9,8.162006840496465
7.4,7.847454846853447
8.8,8.46995840663617
7.5,7.898769008528624
8.3,7.700352181960414
8.2,7.83034884807377
8.1,7.79557877455308
8.2,7.799940564608704
8.7,8.18839441515842
8.7,7.820426259132638
8.6,8.149575681687983
7.9,8.060666824690086
7.0,7.7377456235986495
7.7,7.446485029083674
7.8,7.709012242473191
7.7,7.640438787653664
7.1,7.745173647101755
7.7,8.078545346086306
8.8,7.983886610502833
7.2,7.836847421981055
7.5,8.203584415039725
7.1,7.6970801931633686
7.4,7.971667802237268
8.3,8.14795393104033
7.2,7.880530012356116
7.4,7.90931998558523
7.8,7.82622783405969
8.7,8.231921921427125
8.6,8.148363408437897
8.0,7.8713941502657425
8.6,8.257251033350915
8.0,7.987954469916245
8.5,8.225753333373037
8.7,7.757296866588763
8.5,8.353077800283868
8.2,8.005463173610394
8.1,8.621197286497177
8.6,8.061635929737045
7.9,7.9117352643299865
8.5,8.283943645369014
9.0,7.97795512096274
8.0,8.029044915001808
8.8,8.302512093416613
7.8,7.783779697416262
7.4,7.878064545218454
8.3,8.069872173269015
7.7,8.061167965243673
6.4,7.768068670157304
8.3,7.876455227568055
8.4,8.00534421086423
7.9,7.908163906398807
7.4,7.929738892497702
7.5,7.952964224046943
8.7,8.136585465061115
8.0,7.91464810679932
5.5,7.912265665188892
8.8,8.418005338058206
8.7,8.260459088132
8.9,7.634910203469515
7.7,7.986951125159827
8.7,8.153104156830047
7.0,7.750021388047116
8.3,8.179721646218496
8.5,8.359454820776579
7.4,7.96476469668409
5.5,7.7966821687585295
8.0,8.208479692607625
8.0,8.136280535925401
7.7,7.507704425813687
7.2,7.691155552377361
8.6,8.2656374546553
8.8,8.399651755704047
8.5,7.717802910020692
8.4,7.973474802122827
8.3,8.293232610988728
7.9,7.80772808066663
7.7,7.658797604241805
7.7,8.121749659924415
7.7,7.9895019333569115
8.0,7.916989846788617
7.7,7.808555941720036
8.3,8.123985088567334
7.6,8.457602718476451
8.2,8.62628519346701
7.7,7.650826328625917
8.3,7.771841651163515
7.1,7.841954757297433
8.4,7.8576395325233355
7.7,7.9408771521
8.2,8.042407162709925
8.5,8.0761715234144
6.4,7.800910325694759
8.5,8.35245216046477
7.9,7.758459376692548
8.1,8.225780389164404
8.4,7.84368674137404
8.3,7.908248786631785
7.4,7.939248385297397
7.7,7.985022467342264
8.1,7.797173029676258
7.9,8.05152496046027
7.1,7.851353885255752
8.0,8.156074657445906
8.3,7.486635919615374
8.7,8.286748191342413
8.5,7.647285330544426
8.2,7.864531020721511
8.2,8.044004528167052
7.9,7.83521101841747
7.5,7.795770668901651
8.3,7.7588613449810255
7.4,7.831193444597037
7.7,7.958264778955808
8.2,7.7769832908349485
8.2,8.025390578467567
8.0,8.196568247705223
7.4,7.793250172665415
9.0,7.99273371699519
8.0,7.921619650916497
8.2,7.9372059307142795
7.0,7.691477983014425
8.1,8.035004758221564
8.3,8.217213236499692
8.2,8.030603145107763
7.4,7.71879845841303
8.3,8.274128144397126
8.3,7.977154191722695
8.6,8.147406855363991
8.6,8.131082322259125
7.1,7.6497308160049995
7.7,7.779642142578653
8.1,7.698910097941931
7.2,7.954660910740104
7.7,7.853841068387688
8.4,8.042544025561588
8.3,7.863889262886563
8.3,8.066769930275404
7.7,7.900218222090694
8.2,8.075567669272015
8.5,8.256841308274996
8.8,8.224712443405556
8.9,7.722913086268908
6.4,7.697602593712863
8.5,7.629467543582296
8.5,8.245943856006347
7.6,7.9286001896903935
9.1,8.613208335974818
7.8,7.8469570803485205
7.8,7.6533727386743
8.5,7.940037332698533
8.3,7.980661552993685
8.0,7.919313656388326
7.7,7.639507117251358
8.2,8.088335499769267
8.3,8.070773647428366
8.5,7.918483798528552
8.6,7.97011937142135
7.2,7.840514208764364
7.1,7.860845710703467
8.5,7.7467668502306966
8.2,7.914408082452843
8.6,8.260216987236497
7.5,8.119727084851082
8.4,7.871021134345844
8.3,8.146004409897321
8.7,8.044694808453983
8.4,7.854368250699329
6.9,7.866058494906821
8.3,7.963124746638734
8.2,8.176047687607833
8.6,8.222114289792556
7.7,8.018352526718141
7.7,7.819078025533007
6.5,8.397188894428988
9.0,8.06622887817367
7.1,7.776670395120244
8.0,8.20438009780879
8.3,8.179721646218496
7.7,7.759235677001982
8.9,8.01091390454537
8.8,8.493876163171356
8.6,7.76209258715317
8.0,8.147257114882432
7.7,7.658932147082521
8.2,7.943417709072439
7.9,7.799437954026107
8.2,7.894512841256057
8.8,8.469499778536838
8.3,8.595684083071747
8.7,8.280690021874339
8.8,8.485599790437167
8.0,8.075379990220023
7.9,7.860719100388309
7.1,7.700587554434359
8.3,8.472905163370822
8.6,8.161192130805798
6.8,7.93026744834225
7.9,7.980652548010231
8.2,7.830194358620016
8.7,8.232683432035781
8.6,7.830632910228001
8.8,8.410815471253812
8.1,7.711087620202299
8.0,7.978190144508106
7.7,7.943589350653164
8.8,8.332181361649688
7.8,7.957865814952688
8.2,7.620141483993561
8.1,7.883934852346219
7.5,7.825583239705068
8.3,8.185487559548463
7.4,7.924634751576692
7.1,7.751197058321133
8.6,8.151551918684252
7.4,7.7059134241291805
7.4,7.915228646349945
7.5,7.7871268195357155
7.7,7.863247173614434
8.2,7.974074329904728
8.4,7.96359854083178
8.3,8.334204967654387
7.7,7.770076611839588
7.7,7.7619459107113835
8.0,8.109873649746904
7.4,7.766147835571399
8.3,7.627402137003641
8.0,7.947606009424288
8.2,8.033313378817164
8.3,7.743342859191306
8.0,7.795985882939451
8.0,8.01065323221902
8.6,8.10950144523495
7.8,8.093688492072356
7.1,7.779293553688133
7.8,7.775692390880932
6.2,7.743796127032882
8.3,8.15350462209965
7.9,7.9977761930551186
8.2,8.065368458207917
8.3,8.23921395719954
8.5,8.21095267634118
7.7,8.40330092162874
8.7,8.15150990170687
7.8,8.028223551822622
8.0,8.250245995839693
8.2,8.118276259378176
7.8,7.644604335496823
7.1,7.782408358643138
8.3,7.807155120615228
5.5,7.874003542232634
8.5,7.644575096835024
7.5,8.153365378659636
8.3,8.327509096137042
8.5,8.14654768797381
7.1,7.788218535427545
6.9,7.820462798383947
8.1,8.022906877073936
8.3,8.039906280050586
8.3,8.376293302906271
8.1,8.15858470776899
8.5,7.676917277364505
8.5,7.809131714309255
8.4,7.658879770216572
7.9,7.985485279872911
7.5,7.756073716334533
7.9,7.632653665427716
8.1,7.879440961209834
8.7,8.550718609868744
8.7,8.055854594316225
7.0,7.643490903806786
7.7,7.884450766752694
7.7,8.103575151520193
7.2,7.9119368382827115
8.4,7.810366809299632
8.4,7.833333724035272
8.2,7.827949606013957
8.6,8.249216626886572
8.2,8.05865111777134
7.2,7.969011171692463
8.6,8.021093744183249
7.4,7.752615329028091
7.9,7.775495589025348
7.8,8.249979689567354
8.5,8.250886046888196
8.6,7.859590266316197
7.9,7.7715099512174035
8.5,7.603740967210662
8.2,8.046871077054822
8.5,7.992010049714116
7.3,7.726907862923873
7.8,7.477253797190013
8.1,8.158401590434485
8.3,8.257521296229553
8.0,7.910293975271271
8.1,7.867324622273687
7.5,8.066599742628716
8.6,8.132493426753312
7.5,7.9209311195845515
7.5,7.954198535776809
8.2,7.9886742353681965
8.0,8.11794660200886
8.3,7.9433315430514915
8.3,7.641661821089835
8.1,8.434986323266292
8.3,7.961656333258228
8.3,7.994408827028167
8.5,8.417861075715916
7.9,8.091048345331407
7.9,7.92302799753217
8.0,8.139175063270836
7.8,8.325105509666063
7.4,7.734121969599233
8.2,7.880479633564916
8.3,7.883789008896489
7.1,7.775307915880189
8.0,7.825210394389067
8.0,7.909756745777154
7.9,8.0158682557288
8.3,8.083197971167525
7.7,7.699426227211228
8.6,8.063439063469104
8.5,7.989778092541668
8.0,8.229365183413593
8.2,8.128496939361506
8.0,8.07173807156043
7.8,7.7979716783464905
8.6,8.403859373834782
8.3,8.190243730031467
7.7,7.760645623941241
8.0,8.039828100973168
8.4,8.122067120021311
8.2,8.020927448305216
7.7,7.819724008751691
7.4,7.911870793782314
7.1,7.440951494099688
7.8,7.554640660900392
8.2,8.134296969784058
7.8,7.842291970770823
8.4,7.885615651113606
8.2,8.008293213407878
8.0,7.8363701802513095
8.0,8.227610754085754
7.2,7.898545095248021
8.0,8.126077303137066
7.1,7.638323795600172
7.7,7.749191869725964
7.8,8.091078719765346
8.7,8.163684691821182
8.1,8.298917880184124
7.1,7.662484856990419
7.2,7.982402914727153
8.0,7.582830130385954
8.0,8.015595993703835
8.7,7.773239417820537
7.4,7.893058583328821
7.5,7.710318594299341
8.1,7.701522089463235
7.8,8.433514858042127
7.9,7.75900562352959
7.9,7.96507881429624
7.1,7.709108723069249
7.4,8.00801429451887
9.1,8.228771422949723
7.1,7.749640408397033
8.1,7.69482621794589
7.9,8.090018449460201
8.0,7.811659225842059
8.3,8.456983887355312
8.6,7.876982412049861
7.2,7.822658551384777
8.0,8.300273668088108
8.7,8.357023329034737
7.8,8.266596346645452
7.9,7.924599882901275
7.1,7.819784786866458
8.5,7.879322166291824
8.0,8.054119987215632
7.1,7.754263748254247
8.5,8.353077800283868
8.0,7.820543876107049
7.1,7.8787750733744035
7.7,7.882059384067928
6.4,7.517377879246658
8.1,8.352006575785932
8.0,8.135455941874664
7.7,7.471227420993116
8.4,7.761257930185033
8.2,7.950591857126738
8.5,8.0816736587892
5.5,7.864756862518205
6.2,7.720838853259127
8.0,7.903119827216973
7.1,7.700587554434359
8.5,8.220173440441917
8.3,8.028899816603356
8.6,7.85375550404536
7.8,8.377237652193964
7.7,7.704552726276996
7.0,8.060322633332575
8.1,8.037733449719486
6.9,7.8080276084231635
8.1,8.598877714772692
8.2,7.746692443494578
8.2,8.169472406361116
7.9,7.854342079895599
7.0,7.761349930423526
7.8,8.239334584039117
7.9,7.812891446692987
8.5,8.19635392609483
7.5,7.936661729421857
8.4,7.875814040927558
7.9,7.9433969446210275
7.8,8.524541331102347
8.8,8.37522624997548
8.2,8.009728043018738
7.9,7.812351420523844
8.5,8.218682093400012
8.6,8.111130408102735
7.7,7.9515450745993
7.5,7.677827449606051
7.5,7.887877522652628
7.8,7.68366047568072
7.8,7.451651779943131
8.5,8.319017258078917
8.5,7.9200427497883545
7.8,8.341685762947108
7.8,7.670909545029251
8.2,7.977085214662172
8.6,7.977042908521904
7.9,7.685123641026387
8.0,7.986239718779794
8.2,7.675556722435991
7.9,8.179934438407408
8.5,7.914693417733103
8.2,8.09188978350754
7.4,7.572623911585177
8.5,8.277566624876304
7.7,7.990444899604829
7.9,8.12110642436216
8.7,8.235700514160936
8.4,7.67864656890021
7.5,7.977515752943876
8.3,8.179556053007293
7.9,8.151151763475196
6.4,7.713066868407683
7.9,7.815858781794835
7.9,7.798798004948836
7.8,8.359381994814377
8.3,7.718845541389272
8.0,7.74976442881053
8.0,7.8962645301873104
8.2,7.771849731875907
8.2,8.127062109750646
8.7,8.365791732212212
8.3,7.996800209712934
7.5,7.959465798351195
8.7,8.419358704350973
8.0,8.149059445034535
8.3,7.736860624281177
8.3,8.339466009560873
7.8,7.793864455059189
8.7,8.082966262412091
8.0,8.109337624343702
7.8,7.418106932120131
7.9,8.176673987629696
8.0,8.116192921373365
8.6,8.148363408437897
6.4,7.60816488130261
8.3,7.7403137744572685
8.1,7.856638745770775
7.7,8.033035344232829
8.6,7.846363382683004
7.8,8.27935038763087
7.7,7.743293125770208
7.9,7.925259954704618
7.7,8.055811212914257
7.1,7.7881476770865765
8.7,8.128614189445228
8.2,8.007853772112616
8.5,7.953384279038251
7.5,7.985292731346669
8.6,8.155315000131422
7.4,8.28733217553213
7.1,7.840882005273972
7.2,7.934894112056466
8.0,8.007783572997301
8.7,8.219222646301821
8.2,8.090436187493205
7.3,7.723719352677518
7.0,7.680833805720614
7.8,8.085817677858861
7.9,7.711581687830797
8.6,7.791680431958019
8.2,8.006550211950264
7.9,7.829728801366478
8.2,8.337064674028934
8.7,8.356114395522646
7.2,7.827862083351744
7.1,7.828396611481997
7.9,8.027437565916628
8.1,8.075401097189236
8.3,8.126854747789054
8.7,8.28193391273308
7.4,7.7211046170174775
8.2,8.161498020411278
7.8,8.157080881864891
7.4,8.259893586393822
8.1,7.923255538035391
6.8,7.910817535839485
8.4,8.050213512075599
8.1,8.044251437935992
7.8,7.793864455059189
8.7,8.371690476167968
8.3,7.58678203370657
7.2,7.728380563665473
8.2,8.363624665433182
7.1,7.793013742132877
8.2,8.000930446836406
9.0,7.956065849162109
8.7,8.138176609850342
6.9,7.717707733834358
8.5,7.924876712224864
8.0,8.159614409590038
7.1,7.744305661199197
8.1,7.812801097061018
7.8,8.039903130311352
8.6,8.212133613364994
7.9,7.886482036723594
7.5,7.979872263927866
8.5,8.384962902747418
7.7,7.780279844627923
6.8,7.90906385520399
8.0,8.311778022926442
7.4,8.069977305397945
7.9,8.163815131159664
8.0,8.211713671375408
7.8,8.25400173117235
7.1,7.763351002456359
6.4,7.529006117427044
8.0,7.784280247455199
7.9,7.934187783394412
8.2,8.031127762772204
8.0,8.13500513182686
8.7,8.10209732389022
8.3,7.889436576178291
8.0,7.847764849899057
8.2,8.069392019867264
7.2,7.797252384986737
8.6,7.909017609023876
8.2,7.904716074044392
8.2,7.729315062651944
7.8,7.85301132012907
7.5,7.830855705125027
8.4,8.01348455295432
8.0,7.893327297880535
8.2,7.887146319846508
7.8,8.30342363999085
8.5,7.993444879324976
7.1,7.800972576412964
7.8,8.053201145097539
8.4,7.996948329038713
5.5,7.850567991921927
8.5,7.723970966813021
8.2,8.28657364439116
8.0,7.916880063971769
8.0,8.08303298541424
7.1,7.46199566172563
7.7,8.0501755683043
8.6,7.741311301067463
8.5,8.339526631736861
6.9,7.803882545102902
8.5,8.247370090036506
8.6,7.669032818724027
8.2,7.71978242919215
8.3,7.9383561583917075
8.8,8.335243848727679
8.2,8.013115598201647
8.3,8.166356498070334
8.4,7.728575700159896
8.4,7.961379327580064
7.8,8.043150604667632
8.0,8.165161421778627
8.3,7.686810679709966
8.4,7.809636091435613
9.3,8.242592054364732
8.4,7.876044299053806
7.8,8.172033020271163
7.8,7.739140553967294
7.0,7.996074151868524
7.9,7.785061119764412
7.8,8.018439650258383
8.3,8.00140547022513
7.9,7.817293611405694
8.5,7.884988769410178
7.2,7.8295138484144395
7.7,7.78825112024381
8.0,8.127614639909458
8.3,7.921367546853981
8.2,8.004297935575336
7.4,7.871245866953949
8.6,8.01176625380068
7.8,8.061962815121126
8.0,8.18777171892103
8.6,8.102385730041933
8.9,7.778552590067799
8.2,7.94818668493014
7.4,7.9891485706528504
7.1,7.798511690307775
8.3,7.96939735724446
7.9,7.941361931448711
7.4,7.939248385297397
8.5,8.14693201727633
8.0,7.905970387428169
7.7,7.972923644919628
7.7,7.588381594421512
8.7,8.327659562111842
7.2,7.868413673419968
8.0,7.680892607489266
8.1,7.812960522573336
6.2,7.746665786254601
8.4,7.790916896796867
8.1,8.017019147986089
7.9,7.743063072297816
8.2,7.89023750253091
8.7,8.27310846946522
7.7,8.137961394751576
7.1,7.85494696674771
8.2,8.06536443648368
7.9,7.818885619500871
8.3,8.177011412509094
8.8,7.786358400741151
7.7,7.629303884463022
8.0,8.144117254152686
8.2,7.8525509836735585
8.0,8.171093046476916
7.8,7.815508484701443
7.1,7.8472088219354905
7.1,7.705476694534637
7.0,7.755610611980087
8.4,8.09002297209975
8.4,8.016208959896636
8.6,8.215258992762893
8.0,7.878408872807723
7.9,7.710501564210234
8.5,7.764972923370169
7.2,7.909545455597946
6.4,7.408011977796687
8.0,7.851031106716642
8.5,8.291858403553857
8.3,8.102940920941393
8.6,7.872567714498853
8.2,8.20462893105984
6.9,7.772550110071661
7.4,7.836473148507223
6.4,7.780982136655041
8.6,7.780051700560674
8.3,7.829277356910159
7.2,7.76106279369061
7.7,7.893992464652595
8.7,8.360052413768774
8.3,7.725700838418935
8.5,7.98046698380054
5.5,7.716969412599659
7.7,7.809135862357435
7.9,7.822616402944369
8.5,8.285800234085782
9.0,8.134368411777489
7.7,7.8291301139784375
8.5,8.006618935519537
6.4,7.799794347108535
8.6,8.023127525303341
8.0,8.19127908019202
8.6,7.954678606033002
7.7,7.7308330531378235
8.2,7.985964001658795
8.0,7.974783062550493
6.8,7.923252725800269
8.2,7.837846783211268
5.5,7.6962440959983525
7.8,8.25400173117235
8.7,8.019186726483145
8.5,8.119935781745458
8.0,8.273040159004875
8.2,7.972423384526674
8.3,7.680561646095364
8.0,7.749593058854988
8.3,7.746849086255669
7.5,7.836264749030357
8.5,7.9200427497883545
7.8,8.073541913410395
8.6,8.38275954780071
8.9,8.381264956502445
8.6,7.858489052621002
7.7,8.009752903108788
8.2,8.71938969266057
7.7,8.067449275313452
8.8,8.441120072500517
9.1,9.02116867094471
8.3,8.154922907585265
7.8,7.826668270563684
6.5,8.29691024718113
8.7,7.82664385411303
8.0,8.040625228534756
7.7,8.424026238230045
8.2,7.9299947293309225
8.0,7.940506577402179
8.0,8.11561296819034
8.4,8.002049945432882
7.5,8.066599742628716
8.5,8.235578087371744
8.0,7.809947754938356
8.8,8.522413329876231
8.1,7.902428211775078
8.6,7.6971996509493374
7.1,7.881485307083805
8.3,8.07683181689644
8.3,8.220534577371838
7.1,7.837483865684108
8.0,7.571670344523712
6.8,7.89710694178016
8.4,7.844483868935629
7.4,7.894343904236321
8.0,7.937402776635953
8.6,8.119131303366581
7.9,8.132408305233069
7.2,7.821803913883669
8.1,7.838019800663651
8.3,8.172733518563042
8.3,8.210012493558867
8.3,8.040420789412277
7.7,7.6587727215702035
7.5,7.8649264695467735
7.4,7.816168840919216
7.4,7.807081586717105
7.7,7.771989717987401
7.4,7.837269570826569
8.6,7.77749156136174
8.5,8.304134168002323
7.4,7.7886847716038465
8.6,7.752576177508154
8.6,7.8672574557984785
8.2,7.962418285284604
7.9,8.21770095432306
8.0,7.756135097542618
8.3,8.488867024975098
8.3,8.701857396351004
8.2,7.940063878782481
8.3,8.089267006857224
8.6,8.16248914818572
8.1,8.050976782109768
8.0,8.03163452484458
8.0,8.09429128663218
7.9,7.821569562085175
8.7,8.01599821623679
7.7,7.898025998713375
8.4,8.006540252702388
8.5,8.004923516211853
7.9,8.086032811652258
8.3,8.169545008316689
8.7,8.302180952797434
8.5,7.694315856678159
8.0,7.811450157634272
8.6,7.943143999661723
7.5,7.833826053309013
8.3,8.00347800188526
8.2,8.157394902666658
8.3,7.794737821861553
5.5,7.826801801524011
7.9,7.993566014507968
6.5,8.446291952222852
8.1,7.854889432312903
7.2,7.8723418012883934
8.0,7.982116065514145
8.2,8.142134130231286
7.4,7.79643868291177
8.4,8.046818278207336
8.2,8.084648393783477
8.0,8.210704783688637
7.8,7.710606497596369
9.0,7.910310727126918
8.3,8.01701056980213
8.4,8.11781202545038
8.3,7.749614665266597
6.2,7.717331491988137
8.7,8.124407564612854
7.5,7.971741562799661
7.8,8.113305689462486
7.7,7.948690967047331
8.8,8.531303826534549
8.2,7.906425095683437
8.6,7.789926751322524
7.1,7.869209542635339
7.4,7.768294568663529
8.1,7.98051236884166
8.0,8.175471745466417
8.9,7.7050574288893205
8.3,8.336206259215782
7.6,7.467674668371034
7.8,7.693107531274376
8.6,8.631144495991752
8.1,7.906197008217393
7.8,7.953404526336111
9.0,8.021589734724701
6.2,7.70011353665782
7.1,7.700587554434359
7.4,7.813139756185179
8.1,7.849309539381782
8.4,7.846396975083442
7.1,7.840657331132273
7.0,7.706817074209008
7.7,7.791758481514801
8.1,7.711087620202299
8.5,7.941312736797075
7.4,7.787510854221976
8.6,8.504082362674511
7.7,7.869775338450049
8.2,7.675462136767817
7.1,7.713447970150524
7.0,7.708251903819868
7.1,7.781044387373246
8.7,8.272657760362222
7.5,7.812156624969601
7.8,7.822222039812645
8.0,8.047639951076738
7.8,8.240769413649977
8.2,7.997462957748153
8.7,8.410621814413298
8.6,8.292899217261633
8.7,8.06542012505529
8.7,8.070202890424822
7.9,7.80348534146624
7.9,7.847741637230382
8.5,7.941254475469262
7.1,7.760959619771592
8.6,8.29672542955726
8.6,7.87640067948499
7.7,7.715074810089967
8.3,7.845913411315548
7.0,7.748427132923938
8.6,7.761761088906737
8.5,7.893898930612007
9.0,8.279286202474315
7.9,7.494805282268026
7.8,7.716983518089078
8.2,8.188482877568617
8.5,7.7101009472413775
7.9,7.8700612089548665
8.0,8.045192158525838
7.9,7.765155248209893
7.8,7.901480605561188
8.0,7.867567937970117
8.5,8.208888100693295
7.8,7.451651779943131
8.3,7.694294012492341
8.6,8.181437059034858
8.3,8.1615737327008
8.1,7.8836154971865255
7.4,8.097601515632483
7.7,7.923191166245905
7.9,8.129302240717255
8.2,7.675780987792453
8.0,8.314966533172797
6.2,7.696446749874513
8.0,8.009218973211125
8.8,8.288004371795699
7.4,8.162055160350576
8.3,7.825666371251194
7.5,7.901434911867536
7.1,7.782163212909852
7.8,7.7353552920385775
8.0,8.196997874725568
8.1,7.876441853267286
8.4,8.163375393077533
8.2,7.948069989176008
8.7,7.878129833483844
7.5,8.177916907556568
8.5,8.10422703023
8.0,8.011988353119467
7.8,8.116813050733477
7.9,8.18606595067278
8.0,7.8838293402265265
8.2,7.926996881303712
7.9,7.906729076787947
8.6,7.853430758489439
7.5,7.863479198600114
7.8,8.494734254772139
7.7,8.003304467682886
7.7,7.719379298922546
8.1,8.446146109128534
8.3,8.239054531687223
8.7,8.431156192262486
7.2,7.944619068307849
8.7,8.270240775087261
8.3,8.17229101879961
8.3,8.52553489280818
7.3,7.740299605958564
7.8,8.365759015307086
9.0,7.826028277319425
8.3,7.97007180255811
8.5,8.234521736550514
9.1,8.271656885763194
7.8,8.276174878741044
7.9,8.133296106095608
8.6,7.758820514767796
8.5,8.208888100693295
8.3,8.4816928769208
8.3,7.730961880325421
5.5,7.761927407073262
7.1,7.9054848541524345
7.8,8.0448453211932
8.7,8.148321391460515
7.9,8.14094853068686
7.7,7.919524379462597
7.2,7.733641605571958
6.4,7.751488416876259
8.2,8.127703833524153
8.3,8.068195428884414
7.7,7.636956309054274
8.7,7.835785228334339
8.0,7.9931951430481165
8.4,7.880437380784772
8.9,8.223786260364795
8.5,8.205577490722167
7.7,7.8466586391639765
7.0,7.643490903806786
8.4,7.84368674137404
8.0,8.185639966344688
7.6,7.81237899121076
8.4,7.829019594240807
8.7,7.668615594573079
8.3,8.37772813251713
7.5,7.884570679262633
8.5,7.954159809424351
6.9,7.969838882061985
8.6,7.77749156136174
7.8,8.165437831990388
7.8,7.9155372224266465
8.3,7.660881494590367
7.9,8.037003096655692
6.4,7.4076931267720525
7.4,7.711539086278413
7.9,7.9433015157688995
8.6,8.277434942566812
7.1,7.670527749088356
7.7,7.859739812343444
8.3,7.910084679665248
7.9,8.130671955101226
8.5,7.964110585058512
8.1,7.868582981150362
8.0,8.06842301654429
6.9,7.811216118669519
8.3,8.090674426121215
8.2,7.953895760744972
7.4,7.753476318023981
6.9,7.876654969615146
9.0,7.814922911655497
8.2,7.97821939322499
7.9,8.050394839690384
7.1,7.8912102633351875
7.0,7.75129875698942
8.2,8.213850300430611
7.1,7.708630446532296
7.5,7.893304210739331
8.0,7.910300439541937
7.1,7.443821153321407
8.1,8.51852529172079
8.9,8.337582366127386
8.7,8.381619367159534
6.2,7.70011353665782
8.4,7.833077862414221
8.5,8.05616557681836
8.5,8.240898757043222
7.9,7.788437593676183
7.4,7.9141689124342625
7.8,7.742488489725966
8.6,8.368092400667477
7.8,8.220965185390577
7.9,7.735508323586693
8.2,7.626613090154445
8.7,8.234529460328087
7.0,8.154861962136994
8.3,8.097335697309711
8.1,8.29572936993777
8.6,8.194118530473089
8.8,8.222002209696154
8.2,7.955673154318424
7.4,7.743902465278914
8.5,8.013691919389329
8.0,8.022748161100557
8.3,8.045903267506798
8.3,8.177011412509094
8.4,7.844483868935629
7.8,8.240769413649977
7.4,7.992701123330365
8.2,8.25074839400953
7.9,7.699478157802883
8.5,7.994560857911201
7.8,8.230885031886277
7.9,7.725331247189734
7.0,7.7607048622161665
8.4,7.955786690728211
8.6,7.936708253905515
8.6,8.247622371763395
7.9,8.05423519416967
8.3,8.156950392843587
7.4,7.805385173605264
8.0,7.886870214023135
7.5,7.655088324338134
8.2,8.000179008079787
8.3,8.033609423713314
9.3,7.906618805408066
8.0,7.902003848630749
7.4,7.775468716717827
7.5,7.664116855546725
8.0,7.930303344613843
8.5,7.712521929817632
7.4,8.098563380110146
8.2,7.658563032462137
7.1,7.72923109586998
7.2,7.806716000153002
8.6,8.243796159467768
8.6,8.250651456497431
8.2,7.956655843217044
8.0,7.822064093874504
8.2,7.9435458978779305
8.2,8.114151753586858
8.0,8.17661519054179
6.4,7.7961275603252265
8.3,8.163167987823979
8.1,8.205653955478246
8.2,7.8807692993537986
8.7,7.996876485760511
8.6,8.313465108350622
8.2,8.091672756350057
8.2,7.944194517431547
8.8,8.238423037464882
7.9,8.10141100363206
8.8,8.412372394345514
8.0,8.196568247705223
6.2,7.758144423141479
8.5,8.294855777620102
7.1,7.913774980792957
8.2,7.788412078959157
7.4,7.8286426363999535
7.1,7.872962049639615
8.3,7.730961880325421
8.0,8.159659676369976
8.4,7.772598656602473
8.3,7.994408827028167
8.1,8.463684880327248
8.2,8.024133940772499
8.2,7.941680063785152
8.2,8.056816170797637
7.8,7.7004411048409915
8.6,7.80221184677284
8.9,7.899157731230871
7.5,7.72243493323549
7.1,7.696195256571512
7.4,7.818298640103
7.0,7.747151728825396
8.1,7.902238809471272
7.8,7.841016566672281
7.8,8.128862566184651
9.2,7.9674849329989375
8.0,7.875379788073686
8.6,7.759954755006788
8.6,7.806087275862355
8.2,8.094281166192305
8.3,8.199676430144741
8.8,8.365076067968717
7.9,7.881527213595217
8.2,7.78044080334327
8.0,7.797111685744484
8.7,8.094913844834071
7.9,7.975232080591428
8.7,8.313763939950004
8.0,8.187754376006318
7.5,7.836264749030357
7.1,7.780247259811658
8.3,7.640248763816626
7.8,7.418744634169402
8.5,8.368701500491008
7.7,8.43995323779207
8.3,8.084298889008574
8.3,8.287519887431817
7.8,7.856275217488176
8.7,8.181440764726279
7.7,7.937085249231221
7.0,7.540661448361842
7.7,7.970245755793312
8.6,7.816696895653443
7.4,7.834729238081915
8.1,8.00286412609662
7.7,7.771577504031733
8.3,8.058948749169984
7.7,7.858464408244902
7.1,7.828393764531615
7.8,8.239334584039117
9.0,8.066031297548333
7.8,8.341685762947108
8.5,8.353077800283868
7.1,7.913774980792957
7.9,7.694695392433351
8.3,8.356046262841918
8.3,7.685953821336509
7.4,7.7188171204167295
8.0,7.8865460382065935
7.5,7.795729576532974
8.5,7.893898930612007
7.9,7.855394061821634
8.3,8.381554344812756
7.5,8.209352978024464
8.5,8.306525550687088
8.5,7.392554110610711
8.0,8.023248418295086
8.5,7.970647031063539
7.4,8.08752961741627
8.0,7.840306175363783
7.8,8.370860631701253
7.1,7.814686017422671
8.5,8.14693201727633
7.7,7.613361333231248
7.9,8.124446500745787
8.7,8.190368593416073
8.5,8.512083501648108
8.0,8.016855846132627
8.2,8.280720390325264
8.7,8.274631852406264
7.4,7.9271756429648175
6.9,7.852985602896767
8.2,7.868297056063956
6.9,7.983395671972679
8.2,8.153246833412219
8.1,7.701522089463235
8.0,8.187588084402565
5.5,7.690664203067231
7.7,7.629303884463022
8.8,8.336379475751523
8.8,8.476673926591136
8.4,7.539330443472155
8.6,8.10182491274745
7.1,7.745899916322375
7.8,7.780434871991539
8.2,7.890074966684642
6.9,7.634647041916814
8.3,8.322115223604767
7.1,7.774351362806283
8.5,7.76015351028768
8.4,7.839933159443884
8.6,7.766545819120031
7.7,7.839628364952246
8.2,8.129380089245865
6.4,7.621716049849618
8.0,8.192537141375851
8.6,8.245071563566311
8.7,8.232683432035781
8.0,8.18408440822783
7.7,7.528110891390358
8.0,8.213945628547856
7.4,7.7211046170174775
8.6,7.872567714498853
8.3,8.071065088106133
8.2,7.854327787933176
6.4,7.517377879246658
7.5,7.8963681671741455
8.1,8.053208739282216
8.5,8.03430920869312
7.9,8.057409562232364
7.9,7.773292170005997
8.3,8.399410002192344
8.3,8.278592058742024
6.4,7.655354832948661
8.2,7.7362978426290505
7.8,8.28442800645517
6.4,7.798837794034629
8.5,7.847204922990874
8.9,7.7264204475398985
8.7,7.988895879142774
7.7,8.392125584096746
8.4,8.027717452916038
7.0,7.722600199928464
8.6,7.688482731226791
8.3,8.257521296229553
8.6,8.291541272405563
8.4,7.881630013305663
8.5,7.867324102278159
8.3,8.060410989127712
8.4,7.87844346790307
7.9,8.187728958007325
7.5,7.939371963131259
7.7,7.844777877599249
8.5,8.119685150433634
8.1,8.029903141827395
7.9,8.11864310114604
8.3,7.830767987645363
7.4,7.766147835571399
8.6,7.8559815666865225
8.5,8.353077800283868
8.3,8.124941641641241
8.3,8.131777447529542
7.7,7.990628916412439
8.7,7.9631662126762155
7.9,7.856802600307396
7.7,8.041399201716274
8.6,7.841798590621529
8.4,7.837150295369012
8.2,8.051536362487678
8.2,7.96657238864113
8.0,7.854704114167849
8.7,7.733501778086399
8.5,7.79526377071054
8.6,7.242411601733224
8.3,8.331494733944986
8.0,7.611407906536602
7.9,7.928155413369204
7.9,8.101170375947396
8.1,8.393695115575998
8.2,7.875690806583753
8.2,7.613764463500852
7.9,7.77169791488282
8.4,7.9757711288250634
8.8,8.364415533879127
8.3,8.206954992672147
7.0,7.57098962773369
7.4,7.8414146341468305
7.0,8.286227732278778
8.2,7.873079821433489
8.3,8.288954717042676
8.2,8.134296969784058
8.4,8.080274201653568
8.4,7.9157470729416595
8.0,7.981000086927921
7.1,7.699099674041927
8.7,8.123029955108146
7.1,7.849759630132574
8.0,8.062147672697652
8.3,7.5056052182977435
6.4,7.744473694334278
8.4,7.77943825990999
8.5,8.276066682253699
8.6,7.734296578525482
8.3,8.104890707064362
8.2,8.127062109750646
8.1,7.826985600479675
8.5,7.96851007037671
8.4,7.893978408119598
8.6,7.733340025451575
8.3,8.175736008410553
8.6,8.114797194886043
8.3,7.865203898305994
8.2,8.094220454213191
7.2,7.871921034690958
8.3,8.41870048918279
5.5,7.741839792521227
8.3,7.7001927564480965
8.7,7.8186131669021295
8.3,8.311433714279477
8.5,7.841813944334392
8.3,8.248074530107278
7.8,7.710644337629327
6.9,7.8802473655031005
8.3,8.298293566487366
9.0,8.12432460450147
6.9,7.889730372804163
8.0,8.220960351089836
8.3,8.121811298786877
8.3,8.339394769462137
8.3,8.223590256992402
8.3,8.183893304425284
7.1,7.766220661678078
8.6,8.60659296709482
7.7,7.753177507533907
7.7,8.167672170882478
7.1,7.483039829351572
8.3,8.113597099566121
7.7,8.126755565895651
8.5,7.704359663954177
8.0,7.919062378448747
5.5,7.7018239889294735
8.2,7.951056344151859
8.0,7.922735629502721
8.2,7.784904717688166
7.7,7.814773536700429
8.4,8.085270062862742
7.8,7.998838171618348
8.5,8.362062146404707
8.0,8.074423437146118
8.3,8.44024420856195
8.6,7.773824774578432
7.7,7.841875873794445
7.4,7.9925401030150915
8.6,7.765325828163943
7.7,7.9317763110719
8.3,8.139541122151869
8.5,8.234305793607152
8.0,8.06045370886406
8.2,8.001257933336953
8.5,7.737840986384665
7.8,7.8576377386685365
7.9,7.875774236273207
8.4,8.013076698707415
8.0,7.974204506700161
8.1,8.1348346015889
7.1,7.62859883934879
8.5,7.847204922990874
8.3,7.819430885063694
8.2,8.245729275737625
7.9,7.543748914549573
7.8,7.7733000141447794
7.7,7.545009995696039
8.4,7.928719124535843
8.3,8.054615499567754
6.9,7.625400362202385
7.8,7.68366047568072
8.3,8.111003082710663
8.4,7.893978408119598
8.1,7.4470035802751555
8.4,7.904268436054782
8.3,8.0613113710851
8.0,7.800499439979817
8.7,7.703954094965356
8.2,7.991558319261111
7.5,7.72243493323549
8.4,8.02612319779286
8.0,7.75669963382423
8.6,8.243708253950059
8.1,7.876411876475798
6.4,7.741444609600242
8.3,8.163167987823979
7.2,7.914487646479795
7.2,7.911728035373524
8.1,7.978758688206165
8.3,7.659220399782437
7.8,8.159690654171902
7.7,7.899421094529106
7.4,8.000476011443263
7.5,7.658420541346711
8.3,8.013913818445488
8.2,7.892111634352481
8.1,8.411231921930948
8.3,7.8849765915209185
9.0,8.290445988336558
8.6,8.18501548488334
6.9,7.8250011036241975
8.3,8.152229218001107
7.7,7.877300682112068
8.4,7.900451864721042
7.0,7.772819236308552
7.5,7.296326403319482
8.5,8.23611599167369
7.7,7.7308330531378235
7.9,8.066656241946793
7.2,7.838122826079597
7.8,8.167183653250834
8.6,8.149014864393502
8.1,7.8203763555719625
8.6,8.077810476028326
7.9,7.9242658831428985
8.0,8.184080723131574
8.8,7.7911093634542645
7.7,7.9384960154284085
7.0,7.78429787319543
8.6,7.861996413891993
7.4,7.993293633973112
7.9,7.986073015429034
7.9,7.910874140108208
7.8,7.9159843974945785
8.3,8.301549332515778
7.8,7.722244559995564
7.9,7.952324773310821
8.1,8.00653091287993
8.1,8.282217020524884
8.5,8.201136691464361
7.0,7.765007386204983
7.5,7.954039110264491
8.2,7.961320288919309
8.7,8.136585465061115
7.9,7.957290340496822
7.8,8.114094957649026
7.8,7.443521078814927
7.1,7.826483505334184
7.7,7.626115374216668
8.0,7.81608544193471
8.4,7.779757110934626
8.1,8.25906150210469
9.0,7.943790084713643
8.6,7.7904703283457275
8.8,8.670375924057192
8.1,7.913394228155891
8.1,7.711565896739253
7.7,7.684918505590313
8.7,8.36821462813678
8.6,8.17206057345607
7.7,8.02269674934585
8.0,7.90519882314777
8.3,8.184257201851729
8.8,8.532616562664566
7.5,7.837983557965075
7.8,7.686531216748669
8.0,8.110712114400906
8.0,7.8492404683242425
8.3,8.26057697585012
7.1,7.710259459904169
7.5,7.833832273976914
5.5,7.776435128694176
7.2,7.765686133547825
7.9,7.901308609369144
8.1,8.039338719710571
8.6,8.309638896054997
8.2,8.159814066331691
8.2,7.8945030170372466
7.1,7.779219848396783
8.2,7.855530219644925
8.1,8.576079866511256
8.2,8.486063458893208
7.3,7.694225632898736
8.3,8.090665156492927
8.3,7.926990170967941
8.2,8.02726173903974
8.3,7.641661821089835
8.5,8.234616049051086
7.9,7.936898017103814
7.5,8.01909093995803
8.4,7.924356050606817
6.9,7.902929287982583
7.2,7.766483261109413
8.0,7.974659975565057
8.6,7.70485207554059
7.8,8.195821281358104
8.0,7.858370900951157
6.9,7.715794627686545
8.5,8.049403234148503
7.1,7.762394449382452
8.5,8.35409087078882
7.9,8.14804933594386
8.5,8.049403234148503
8.3,8.302197480638009
8.0,8.152219829674173
8.6,7.842283619848994
8.4,7.843208464837087
7.8,8.309960085995877
7.4,7.748292178191812
8.4,7.6850235893929195
7.7,7.857348429658678
7.8,7.869553733377157
7.9,7.995688512661246
7.9,8.061640708267644
8.6,8.277913219103766
7.4,7.764253391427286
7.7,8.143590955111947
8.7,8.229577307420726
8.4,7.983671982150903
7.7,7.721586373423394
9.0,7.941558127541195
8.5,8.361686777949027
7.8,8.222607906602283
7.8,8.313467447266866
8.0,8.025059277193865
8.3,8.266635145318192
8.7,8.331196396039262
7.1,7.822654446088177
7.7,7.857348429658678
7.8,7.4278318883715135
8.4,7.991005555717519
7.7,7.9638208390477665
8.6,7.7739935310926
7.1,7.883557838743935
7.2,7.880211161331481
7.1,7.697630086182372
7.1,7.814686017422671
7.8,8.346485459360693
7.5,7.909559392327841
8.5,7.649359827048318
7.7,8.152845598236928
8.2,7.969709129093035
8.2,7.854327787933176
8.1,7.768032000756162
8.2,7.697948870574466
7.7,7.9829519005258955
8.2,8.098368627867403
8.7,8.047892649702188
8.3,8.310291140806726
5.5,7.917526707095378
8.6,8.016035883812622
8.6,8.454660453856011
8.0,8.045465742770535
7.8,7.530248557515778
8.5,7.961559776861428
7.2,7.735076435182818
6.9,7.710214734755424
8.3,7.855478942054612
8.4,7.6163329659216235
8.0,8.031378548820328
8.2,7.9167877539840905
9.0,7.906962791368245
8.7,7.936331716921586
8.0,7.746723399633269
8.4,7.488453897548906
8.2,8.04884489518175
8.5,7.818667756285998
7.8,8.191735182147767
8.3,8.24989546652483
8.5,8.1310955676077
8.3,8.163167987823979
7.0,7.75273358660028
7.5,7.917690093456046
6.4,7.697602593712863
8.2,7.739008076338452
8.4,7.911447188095641
6.5,8.433065529231765
8.1,8.216813741340488
8.2,7.915901899680116
8.0,7.9913627452285745
7.9,7.790731300480821
8.1,8.396883625822353
7.4,7.7215086921224305
7.8,7.753651385922159
8.5,8.309076358884173
5.5,7.710751817619267
8.5,8.387570228375544
8.5,7.9372688376613185
8.3,8.091480884684653
8.0,7.885908336157323
7.9,7.8526575369871345
8.2,7.856377195969184
8.3,8.311593139791796
8.4,7.6297029366186635
8.6,7.883997134591842
8.5,8.282349390245836
7.0,7.673815993159235
6.9,7.6874168864939865
8.3,8.14289909069537
7.7,7.460833325192271
6.9,7.9988599466675
7.8,7.99101846213973
7.8,8.106064717923214
8.5,8.291858403553857
7.9,7.790890725993139
8.5,7.856593360729655
8.2,7.6647806274425285
7.7,8.014055427097606
7.0,7.7241944550516415
7.9,8.356854700756717
8.3,8.26278233813604
8.1,7.706942556882038
8.7,8.277660937140302
7.9,8.130745297898525
8.0,7.816711199540757
8.6,8.239873652508281
8.1,7.979109724761277
8.0,8.123686491055263
7.8,8.347106230365911
7.9,7.906224509125895
7.4,8.139167977743845
7.0,7.691033948489551
7.2,7.729177691227061
7.0,7.644484788912169
7.5,7.812156624969601
8.2,8.093576949669348
7.1,7.44222689819823
8.4,8.033245640363596
7.7,7.654811966433861
8.3,8.364249976968809
8.6,7.89818600518812
8.4,7.837701202271435
8.1,7.710131067128393
7.2,7.931227325273158
8.3,7.693404299103186
8.7,8.282280347309992
8.0,7.897908428005957
8.7,8.225019004835646
7.9,7.814423952183975
7.1,7.696195256571512
8.1,8.495729408303115
7.7,7.746481636016562
8.0,8.244988134928388
8.2,8.14714972430268
7.7,7.845064384040799
8.5,8.071311000488546
8.6,8.279188623202307
7.9,7.70107241292606
7.9,7.772176191419773
8.0,8.155384130914381
8.3,7.705495095070429
8.3,8.217213236499692
8.6,8.12269590095474
7.9,7.80348534146624
7.0,8.104164649219953
7.8,8.09857171884428
8.3,8.110005101805648
7.9,7.74522047092984
7.9,8.168757322041515
8.1,8.506251492116085
8.5,8.306263217093496
8.8,7.805937900943577
7.7,8.038445565638458
7.5,7.839252741395717
8.3,8.293232610988728
7.8,8.187438552690235
7.9,7.9344691159312335
7.9,8.192913020132034
8.1,7.7458423818875675
8.6,7.879533220246945
8.0,7.70691622975073
7.7,7.727510000050751
7.0,7.700565237216537
7.1,7.638323795600172
7.0,7.693265905662
7.5,7.918971718222488
8.2,8.024076339127335
8.6,8.148531223096368
8.2,7.993983752540972
7.4,7.758017134443194
8.2,7.841391197811316
6.4,7.519290985394472
6.9,7.879290812429194
8.5,7.810377629645475
8.3,7.919093651156915
8.0,7.94477158940498
8.4,7.958482751204699
7.5,7.7813875010922775
7.8,8.317147235406704
8.1,8.532078425111559
7.7,7.956192247295678
8.2,8.530629886076365
7.4,7.735059860669439
8.4,8.48197572878124
7.7,8.268102280232101
7.1,7.72779626625912
8.5,8.050678638247046
8.5,7.941254475469262
8.2,8.272114421362799
7.5,8.205497521187539
7.9,7.860878525900627
8.3,7.709417663824875
7.8,7.983944775487824
7.1,7.433139643996118
8.6,8.246569524025626
8.4,7.7826267701563445
8.0,7.890415428927024
8.6,8.223389693891098
8.5,8.608535936600342
8.6,8.222114289792556
7.9,7.949773965113737
8.4,8.000774541334339
8.1,8.091532491925552
8.3,8.293232610988728
7.7,7.942784833879531
7.7,7.737553807326769
7.4,7.957307064792871
7.5,7.953283075071579
7.2,7.9285151267199945
9.1,8.380962430867898
7.4,7.85287531427225
8.3,8.023228164782521
8.1,7.787930717139451
8.8,8.33027302346078
7.7,7.475181621300868
7.1,7.460401406602452
7.4,7.79571575678218
8.5,8.269232435478862
7.7,8.248333516704703
7.0,7.824791953324136
7.8,8.323205404874779
8.4,7.890471046848608
7.9,7.78301712625738
7.8,7.920251046294199
9.0,7.894687026919779
7.4,7.830576223836067
6.9,7.964902312543821
8.0,7.864747921443867
8.1,7.90210556529985
7.5,7.871775545908537
7.5,7.8196844957493115
7.0,7.792269148811317
8.5,8.475147868728202
8.6,7.837627984332363
7.9,7.623621096220761
8.8,8.322031179642925
7.7,7.62452111909349
8.3,8.248938913450923
8.0,8.069060718593562
7.9,7.784354279988111
7.7,7.622926863970313
8.0,7.815442259712881
7.1,7.788228359646355
6.4,7.756111756733474
8.1,7.882818369624936
7.9,7.8182479174516
8.7,7.828875811285479
7.8,7.828262525686862
8.2,7.850000175476475
7.0,7.704869726049116
8.2,8.0778036481687
8.2,7.917106605008726
7.7,7.417947862378798
7.4,8.064291500367034
8.3,8.094172517763917
8.1,8.00346797943908
8.0,7.892285356650032
7.1,7.799540593752486
7.9,7.745901067966247
8.0,7.94186669098085
8.1,7.939540012176001
7.7,7.8324717334114595
8.1,7.98942751948721
8.3,8.158580424740284
8.2,7.905602625946308
8.2,7.89606833191407
8.3,7.854903477946137
8.4,7.831564581117156
7.4,7.930374070020131
7.7,7.724959191853667
8.2,7.982158108565651
8.2,8.743941221557503
7.7,8.303654169478959
8.0,8.04101794105038
7.7,8.00559848573272
8.6,7.723341505281923
7.0,7.741262315871491
8.7,8.373125305778828
7.7,7.996184218048268
8.9,7.733116319057244
7.9,7.905134821664769
7.7,8.007419407976013
6.9,7.9889755649038
7.8,7.724951683371015
7.8,8.047933370037164
8.5,8.346031367074097
7.8,7.807058932548602
7.4,7.825791639181935
7.7,7.9050407212553555
8.3,8.223281852040728
8.8,7.84502698927408
7.9,8.141512889938832
8.0,7.887183740255865
8.2,7.898109626867374
7.8,8.047780677678736
8.3,8.159979477577624
7.1,7.891136558043838
8.6,8.594636053670987
7.6,7.864989410275615
9.0,7.793830218362528
7.8,7.732926069320852
8.3,8.102847617363576
8.2,7.921061964582565
7.9,8.12764287036719
8.1,8.396883625822353
7.8,7.718577773212256
7.8,8.175792630915993
7.2,7.763454176375376
7.0,7.78429787319543
7.5,7.717014465816686
7.1,7.662484856990419
7.8,7.842291970770823
8.6,8.187176377478297
8.3,8.266635145318192
7.1,7.74083440002048
8.3,8.27253388927395
8.2,8.094220454213191
8.6,7.739128560688903
8.6,7.823096588886464
9.0,8.216849797044679
7.1,7.814686017422671
7.9,7.886455745598496
8.5,8.27526955469211
7.4,7.820107860166795
8.0,8.10836609020301
8.1,7.907961082692844
7.8,8.171169291058778
7.7,7.722861777521936
8.0,8.29281578862371
8.3,7.975419111717337
7.0,7.6666418451049365
8.3,8.071383939130767
8.7,8.151778288433329
8.0,7.887183740255865
7.4,7.943242252521195
8.2,7.803097132290184
7.5,7.841962975105119
7.7,7.445400487997642
7.1,7.862280540314327
8.2,7.912049647611008
8.6,8.251033438370523
6.4,7.67448589442679
7.1,7.870003823246546
7.7,7.975506797699797
7.7,8.13338772232361
7.1,7.875743141689985
8.0,8.224897339381172
8.5,7.941254475469262
8.3,8.129699076310212
7.9,7.815084700290672
5.5,7.862684330858075
7.7,7.642057925448442
8.5,8.27916087999948
8.6,7.9607411151157
7.7,7.971648240821086
8.7,8.36087712488264
7.4,7.728045138127459
7.4,7.573363563927295
7.1,7.718230735520056
7.8,7.845799332041813
7.4,7.87395610066335
8.8,8.24559718551918
7.1,7.776670395120244
7.1,7.885078388575764
8.3,7.900436936528215
8.8,7.774879763854274
6.4,7.764561308886314
8.2,8.054566231404259
7.5,7.652378090628733
8.5,7.783589060598389
6.5,8.296278439663144
8.1,7.959669636477322
7.5,7.782773487354609
8.4,7.991498005487386
8.0,8.09150683508783
7.1,7.854701821014425
6.9,7.739708454534206
7.0,7.759905769810816
8.5,7.933032098556314
8.0,8.004276211726312
8.5,8.26124870518885
8.2,7.965249236472375
8.5,8.314018549766022
7.3,7.852454827749571
8.5,7.76701389029505
8.3,7.657785570171577
5.5,7.772290065373915
8.8,8.52699933770197
7.2,7.786628385600967
7.7,7.898942817992152
7.4,7.8469348544625905
8.3,8.280186313865201
7.9,7.850118814437982
7.4,7.768294568663529
8.0,8.422688679619117
8.3,7.62532960534351
7.9,7.841747464422498
8.3,8.128381336289626
8.0,8.010392130060632
7.9,7.928092095438524
7.7,7.805367431473681
8.8,8.216581742277352
7.7,7.898025998713375
7.0,7.69533843732213
7.2,7.832383507636159
8.3,7.822637286517157
8.5,7.669005070637095
7.8,7.817459430882214
8.3,8.088180470230343
8.0,7.944332789697804
8.7,8.268254831913556
8.6,8.333198408765183
7.4,7.866877432120996
8.3,7.989767407825934
8.2,7.977369448664832
8.0,7.769613100321967
8.5,8.232927481427335
7.9,7.6851298616942865
8.0,7.825210394389067
7.6,7.94811548563544
7.5,7.839246520727817
8.3,8.150541482501794
7.9,7.850118814437982
7.9,7.815858781794835
8.6,7.812311623533258
8.3,7.770314326951207
8.2,7.773585506313607
8.1,7.889139937002213
8.5,7.777587477139845
7.8,7.750343734422412
8.2,8.113405070504538
7.4,7.939248385297397
8.3,8.485678514728743
6.5,8.416325850438403
7.6,7.7084094327192485
8.0,7.892487960587154
8.5,7.914529250727694
8.0,7.393902297931693
8.0,8.0050733392879
8.2,7.651961746612965
8.6,7.806516335605419
8.5,7.978299455654791
7.4,7.719595585974618
6.4,7.743835992285008
8.6,8.198838164994166
8.0,7.737727997858419
7.2,7.826267828228566
8.7,8.086202661762748
7.0,7.789820492324529
7.1,7.726202011135943
7.0,8.13126698631397
7.1,7.644381965068246
8.5,8.344915388487873
7.8,8.173467849882023
8.5,7.641069700407796
8.5,7.5776542520790295
5.5,7.834625440690152
8.3,8.12742478321572
8.3,8.003956278422214
7.8,8.275524175335244
8.8,8.177681917271823
7.9,7.913876933717147
8.2,7.795120745910113
7.8,8.306465726081415
7.7,7.967694947596228
7.9,8.122628738953983
7.9,8.010857312635583
8.2,8.058991437715207
8.3,7.984018758380645
8.3,8.125192826043271
8.0,7.852747829595232
7.4,7.847454846853447
6.2,7.720838853259127
7.8,7.718574662878305
9.0,8.219023358818209
7.4,8.057223264412526
8.2,8.025012334672297
7.4,7.852715888759932
7.7,7.7072380773147975
8.5,7.905397199830611
7.7,7.72049527750877
8.3,8.052628580983487
8.3,8.105264637003554
8.2,8.066165585769506
8.5,8.349308105419286
8.2,8.001563988927977
7.7,8.039015782442059
8.0,7.808273591831141
8.5,7.748512077937495
7.5,7.902869741478396
8.4,7.758409786006194
8.0,8.152219829674173
8.1,7.776925989611905
7.4,7.8370205466440686
8.0,7.752315237007614
7.5,7.8244261687501675
7.8,7.759865870568601
8.4,7.91464073531732
8.1,7.8680943107734524
8.0,8.223351733774603
8.2,7.987239405757337
8.0,8.009317488566822
7.9,7.509065538950772
7.1,7.733857282677576
6.8,7.8956721121693
7.9,7.972521846882026
7.9,7.891876213017299
7.9,7.956507355118896
8.0,8.17595763678715
7.8,7.794821008133095
8.1,8.474525815164855
8.2,8.113993239464827
8.6,7.7319288696657
7.4,7.921024209463925
7.4,7.705116296567592
8.0,7.887183740255865
7.5,7.72243493323549
7.5,7.847389663191822
8.5,7.98961866702935
8.1,7.991227718001
8.2,7.7182888582501015
7.8,8.138587522436033
8.7,8.226932110983459
7.9,7.858104295531035
8.4,7.851179740452974
7.7,7.475986608237505
8.5,8.130298440046111
8.0,7.85562296898951
8.8,8.322918558993285
8.3,8.200520087488208
7.1,7.793001300797076
8.3,8.158606238493817
7.5,7.713825955570331
8.3,8.08033917816743
8.9,7.778552590067799
8.5,8.344525340049755
7.7,7.859395163635884
7.0,7.739818155258781
7.9,7.751285228638249
8.3,8.084708778699394
7.4,7.865602028022455
8.1,7.872900148027185
7.9,7.97145583478895
8.8,8.227422677114959
7.7,8.229590075782877
7.8,8.285249131586626
7.0,7.692468778100411
7.4,7.758035796446894
6.4,7.671775660717389
8.7,8.095710972395661
7.9,7.950092816138373
8.2,7.932244133698366
8.2,7.9017130290838375
8.1,8.50944000236244
9.0,8.0584170280701
8.3,7.896610724232589
8.6,8.153154562953581
7.0,7.7579926636630026
7.0,7.735513666426201
7.4,8.214582412769023
7.1,7.800494299876011
7.1,7.347846994906127
8.3,8.100745643744101
9.0,8.021589734724701
8.5,8.117107097901371
8.2,8.093576949669348
7.7,7.891609244425536
8.2,7.984057425201632
9.0,8.199470451358284
6.9,7.702562310164172
7.8,8.12471750286439
7.8,8.351251293686172
7.1,7.85151331076807
7.9,7.645948527320293
8.6,8.230085565408443
7.7,7.951082349732097
8.7,8.028752257222209
8.3,7.853087559369846
8.3,8.171139263439866
7.7,7.891122805430876
7.0,7.668076674715796
8.0,7.697616499254728
8.3,8.50640383133005
8.4,7.895659458389623
8.6,7.290398680940864
8.5,7.788850102504874
8.3,7.917105789204241
8.2,7.993273862287454
7.4,7.719669787406618
7.8,8.30198881037999
8.6,8.07107254438288
8.2,7.7855552151710485
7.5,7.899987640920877
6.9,7.865739643882186
7.5,7.72243493323549
7.1,7.530548632022259
8.3,8.006454902219513
8.6,8.185828403832566
7.5,7.833832273976914
7.5,7.9055799751877975
8.5,8.283943645369014
8.2,7.682252593953336
8.1,8.392100860452821
7.1,7.89455819909386
6.4,7.705255018304114
7.1,7.866994386950128
7.2,7.95019896123897
8.5,8.216131285202929
8.7,8.277995894486951
6.4,7.813664366680179
8.3,7.630683233077561
8.2,8.015188129861777
8.1,7.673402015971092
8.5,8.177328966179845
7.7,8.056871439821647
7.1,7.752988344155705
7.1,7.700180894379455
7.4,7.7211046170174775
8.5,8.298504401080145
7.4,7.727800488534823
8.2,8.094281166192305
7.7,7.832637475249428
8.0,8.233330539875503
8.3,7.936316820509511
8.1,7.889139937002213
8.1,8.640328347975306
7.4,8.133747510325042
8.6,8.082057348639221
7.8,7.909607377001869
8.7,8.070212221426672
6.4,7.675601873013014
8.3,8.1898083340132
7.5,8.163907384077827
7.2,7.967414951725524
7.4,7.864212482408267
8.6,8.555098526616188
7.4,7.727541897777097
7.9,7.53196075763991
8.1,7.983837232716132
8.5,7.739105972710749
8.3,7.6481982670948625
9.0,7.923279804677009
8.0,8.070336122692103
8.7,8.197007734229539
8.0,8.254068523039063
8.1,8.577674121634434
7.9,7.833552766634103
7.1,7.703892263630269
7.9,7.471088212964159
7.8,8.085565650319198
7.1,7.806322185490799
7.9,7.964057810909749
6.2,7.696446749874513
8.4,7.852320901791692
7.0,7.656085519279887
8.2,8.002273879181494
7.8,8.118659333396316
7.9,7.765382644022299
7.9,8.12254125397302
8.2,8.105542775921702
7.6,7.619416266171633
8.2,8.17457493414557
7.5,7.864920248878874
8.2,8.040501951542659
8.3,7.95505221290252
8.6,8.059403972564597
7.8,8.1113257598297
8.3,8.17354693175679
8.0,7.917549303628424
7.7,7.857165171307197
8.2,8.022472443979558
8.7,8.036732863839946
8.4,7.513662935988998
7.7,7.926698527516896
8.5,7.643618543761117
7.4,7.96353457658222
8.9,7.681621878578613
8.1,7.820001426456214
8.4,7.572469177696594
8.8,8.121630253145362
9.0,7.915890620058038
8.3,8.096309206514785
6.9,7.726157285987198
7.2,7.823238743494529
8.2,8.134236257804945
8.6,7.732751540196194
7.7,7.667859975772315
8.3,8.133231768281764
6.9,7.615356554926367
7.1,7.828393764531615
6.8,7.761518292439664
8.2,7.857038021642578
7.9,7.97145583478895
7.6,8.441979018269313
8.2,8.145714894691821
8.0,7.730155090795448
7.9,7.84158803891018
6.2,7.762448911974058
7.8,8.138168210009006
6.4,7.710994336747553
8.7,8.421397978247452
9.0,7.9014424391770035
8.7,7.743280162294533
7.8,7.877525008993044
8.0,7.585699789607673
8.2,8.193064271850192
8.7,8.149915646583693
6.4,7.785127199975303
7.8,8.059990744863386
8.0,8.215485013486525
7.6,7.647912171157508
8.5,7.874496174359529
7.8,8.090759868740712
8.2,8.118176226636493
8.0,8.13500513182686
8.7,8.32166237854
8.3,8.00267154332182
8.2,7.9915931540387515
8.1,7.960730927270017
8.4,8.975231657074135
7.8,8.10676138408241
8.3,8.266841100612389
8.0,8.180944547498084
9.0,7.814922911655497
7.7,7.881876125716447
7.2,7.820209658760493
7.4,7.914934773009175
8.7,8.105276503134725
7.4,8.069977305397945
7.8,8.566771408272691
8.4,7.861398666963455
8.6,8.615361370272295
8.2,7.980532616735647
8.4,7.934240432370517
8.0,7.889261752088554
7.9,8.073757047203792
7.7,7.827400496756615
7.8,7.955324659004102
8.3,8.47377659299055
8.0,8.262729835317085
7.9,7.9541159724341295
6.9,7.834492243467908
8.3,7.825666371251194
8.0,8.066452732133195
7.9,8.088656962646642
8.2,8.403164157331744
8.2,7.907710050833189
8.8,8.488152563478012
8.2,8.07109722523647
8.1,7.866500055650275
8.6,7.806666430115887
7.8,8.190882229651052
7.7,8.028971975166042
8.7,8.329602140916085
8.0,7.8790585193002185
6.4,7.4449888724355935
8.0,8.199548682922652
8.5,8.205919456833893
6.4,7.76045714045989
7.0,8.041669848391399
7.9,7.944672348719569
8.7,8.043100553330806
7.8,7.699443601400176
8.8,8.309119677988951
7.5,7.884570679262633
8.3,8.07711398794592
8.3,8.274446995421762
8.8,7.927258750973616
8.0,7.939953584833037
8.0,8.146643194226055
8.2,7.830194358620016
8.3,7.651315963851302
7.7,7.963191299456202
8.0,8.058955904968295
8.5,7.955010098896679
7.8,7.77872147561497
8.3,7.859305154350238
8.2,7.621576313604421
8.7,8.081892396456803
8.3,7.83873926326125
7.7,7.793193311125661
7.4,7.837570465089747
7.4,7.814613191315992
8.3,7.982874019024771
7.1,7.80910612449155
8.3,8.047620268167137
8.3,8.287519887431817
7.0,7.709686733430727
8.3,8.221579315859326
7.4,7.977032231716702
7.8,7.868278329278615
8.6,7.830632910228001
8.2,7.803097132290184
7.5,7.8649264695467735
8.5,8.370033422020594
8.0,8.120841129354295
8.2,8.040507846073943
8.0,7.773120461592957
8.3,8.253973274063034
8.5,8.051742637851097
7.9,7.537371894056863
8.6,8.28460909062111
7.9,8.055974732621504
5.5,7.781696170600662
6.4,7.827374960739505
8.6,8.454660453856011
8.0,7.60642510620898
8.5,7.970487605551221
7.9,7.93191830773415
7.7,7.803874820450949
8.5,8.113317667784434
8.1,7.909731808550205
7.5,8.237238688773735
7.0,7.757195536101414
7.8,7.75986898090255
7.1,7.796830360043084
7.7,7.912669082432934
7.2,7.822658551384777
8.0,8.242752996760759
7.4,7.655907904485523
8.4,7.893978408119598
7.8,8.133233878502203
7.8,7.674098055275605
8.2,8.071266290773387
7.5,7.8515285058441835
8.2,8.034836442203101
8.0,8.148074766353913
7.7,7.811728900296641
8.2,8.014191957363636
7.1,7.7474941714455525
7.8,7.856799692391737
8.6,8.10515909459979
8.3,7.8671170044538075
7.8,7.812319974455088
7.9,8.099830890692546
8.3,8.030561738349139
7.9,7.75900562352959
8.7,8.340706851531703
8.3,7.719780322125528
7.9,8.118538285661426
8.0,7.787536330786611
8.6,8.226397165343753
5.5,7.753956131457375
7.2,7.883820438175271
7.1,7.798105764141626
8.7,8.140359446846478
7.9,8.133683709331612
7.5,8.02323600327829
7.2,7.962474725687436
7.7,7.885566745338918
8.0,8.09562760088734
8.0,8.09664133222453
7.9,7.743063072297816
8.3,7.801734653196425
8.6,8.321436383966509
7.9,7.90877531732298
8.0,7.749752484367306
8.0,8.246582390051564
8.3,7.962523724564619
8.2,7.8415268133014076
7.9,7.802847639416969
8.0,7.880531047163323
7.9,7.808018393538167
7.5,7.933957716380355
8.3,7.916069780445158
7.8,8.39159894965909
8.2,7.929257778722515
7.9,8.069611983883531
7.8,8.049309235538098
8.1,7.798771651977058
7.5,7.711046679161662
5.5,7.715682219438546
7.4,7.881420520929626
8.3,8.021324328262997
7.9,7.790731300480821
8.2,7.923017060118
7.1,7.800653725388329
8.5,7.954159809424351
6.8,7.90906385520399
8.5,7.838802132376767
8.5,8.209107967080248
8.6,7.887948633271147
8.3,8.229807851972794
7.4,7.875055941772716
7.4,7.79151515403362
8.7,7.886909808103087
7.7,7.675831251388202
8.2,7.948672856447638
8.4,7.789157394840637
8.3,8.045443326620022
8.6,8.277913219103766
7.1,7.6688618774831285
8.0,7.67418094894402
8.2,8.177763444391925
8.6,8.237100287950424
8.6,7.822993132858547
7.1,7.7579276880871735
8.6,8.198359888457212
7.4,7.90931998558523
8.3,8.111003082710663
8.0,8.267460266073753
8.5,8.28278360402587
8.6,7.7405048425040235
8.1,7.969938195430809
7.5,8.010954018161925
8.0,7.8183119189346
8.9,8.381264956502445
8.0,7.936680365106553
8.8,8.37865162270841
8.6,8.188552391448301
7.4,7.776744120816369
7.7,7.9408873981131745
7.8,8.294017534764103
8.5,7.641546012100987
8.4,8.061145105019202
7.1,7.483996382425478
8.5,8.237804559297441
7.8,8.275859957403933
8.6,7.90807038695182
8.0,7.826926376772317
8.2,8.114460964586895
7.4,7.806091997254427
8.2,8.045638402714467
7.2,7.775092238774572
7.8,8.352380273628924
8.7,8.028752257222209
7.0,7.725629284662501
7.4,8.017685737357725
9.0,7.894687026919779
8.1,8.037733449719486
8.2,7.716275067921159
8.7,8.160808025054084
7.9,8.083322577942857
8.2,8.693401369309017
8.7,8.06594984522503
8.0,7.845886068294904
8.7,7.852952173979408
6.5,8.377898407438542
9.0,8.116250333928422
8.1,8.029903141827395
5.5,7.785841233920923
8.2,7.815564264815842
7.8,8.18195440096126
7.8,8.117864563840445
7.4,7.57939061041476
8.0,7.603405456742221
7.9,7.828833997924761
8.0,7.972216702683658
8.2,7.926030560442211
7.8,7.802754443716023
8.1,7.7311752347543345
9.0,8.084397492046605
7.9,8.005915121753732
7.4,7.907897597310171
7.7,7.838560282618857
8.1,7.762263209656295
7.8,8.349497613050676
8.3,8.211287897657408
8.5,7.841990642623122
8.4,8.071718894315733
9.3,8.225852375571368
7.7,7.970514745721349
6.9,7.8183052321068525
8.2,7.970802724425701
7.9,7.920253954209857
8.4,8.130068631824027
7.7,7.754293486120131
7.1,7.871438652857406
8.2,7.928915804073757
7.2,7.897429116661797
8.3,7.790053400093777
7.7,7.46453154947577
8.2,7.8757900551428905
6.4,7.617570986529357
7.4,7.944562940616409
8.4,7.631318964079491
8.7,8.280499083122221
8.5,7.954159809424351
8.5,8.263218328767707
8.8,7.539825554826583
8.2,7.953461516348457
8.7,7.668615594573079
8.7,7.760338692112532
8.5,8.639939016410201
8.0,8.023232866625335
8.1,7.961891769430961
8.9,7.713506981042161
7.2,8.02624296577077
6.8,7.740344171957834
8.5,7.823923715214778
6.9,7.729345796233552
8.1,7.840062859667352
7.0,7.730414014875795
8.5,8.352440098234599
8.0,7.881444421812426
8.0,7.898662377142742
7.2,7.858688717168586
8.3,8.033431397570858
7.2,7.925169155805084
8.0,8.024523251790665
7.1,7.700587554434359
8.1,7.964761428652681
8.5,7.9372688376613185
7.4,7.780683989406201
7.4,7.611625686883552
8.2,7.824100038197125
8.4,8.015470777647906
7.1,7.363630120625583
7.8,7.759865870568601
7.9,8.124063568564843
7.4,7.895459882822545
8.6,8.589375011764503
8.8,7.834983181998063
8.3,7.599695500204307
6.9,7.665735016818774
8.7,8.058245977000992
8.2,7.847080667492086
8.4,8.079819739311414
7.5,7.945908409136286
8.0,7.817792204813913
7.8,7.675692310398783
7.1,7.746611323662996
7.7,7.819700175912528
7.7,7.89183591154565
7.9,8.0239443468293
8.1,8.13866698158341
8.4,7.832526955511798
7.4,8.04340675825341
8.0,7.417398748156716
8.8,8.222002209696154
8.5,7.809131714309255
7.8,8.221173076991423
7.8,7.71538615263195
8.5,8.300116819526588
7.1,7.381166926980535
7.6,7.444876820109597
7.8,7.71538615263195
8.0,8.211587126605622
8.3,8.313825096964244
8.1,8.02894658875349
8.5,8.067325362680602
7.4,7.793250172665415
8.5,8.309451727339852
6.9,7.988733615953481
8.0,8.038553267477589
7.5,7.92076027055876
7.7,7.866092999996991
8.8,7.855070796550098
8.2,7.79096288715624
8.3,7.960929469441441
7.7,7.916200507117598
7.5,7.9224790794934785
8.5,7.856593360729655
8.7,8.070202890424822
8.3,8.211314492543936
8.5,7.934776290792048
8.3,8.161635323227856
8.3,8.0117862078708
8.1,8.101195818489856
7.7,8.008473569322723
8.6,8.312452896868585
8.2,8.094220454213191
7.1,7.764304708579884
7.1,7.716636480396879
7.7,7.708228177446656
7.8,7.701040966857304
8.5,8.233724608988924
8.7,8.001659251130043
8.4,7.803424717123121
7.0,8.067496781386872
8.2,8.593441573085792
8.0,7.7639532994068094
7.2,7.896733904673008
8.3,7.97007180255811
7.1,7.374789906487825
8.8,7.983886610502833
8.8,8.260264332652412
7.9,8.020172744561378
8.6,7.837748971128667
7.9,7.762770086193027
8.2,8.225513673173465
7.9,7.939251881300766
8.6,8.385788632534746
7.4,7.758035796446894
7.8,7.764651746272083
8.1,8.396883625822353
8.1,8.068484115808289
6.9,7.791362320525154
8.3,7.919181264869209
8.3,7.668445307159216
7.9,7.722110359884102
7.8,7.8201287142247065
8.1,8.46209062520407
8.3,8.193025605029204
8.1,7.885175912475651
7.2,7.98957509793769
5.5,7.836697972350283
7.7,7.70710353447408
8.4,7.789800918210643
8.6,8.53803999679819
8.6,8.146290876777767
7.1,7.846089996398884
7.3,8.104040621584739
9.0,8.022929978667387
8.1,8.03883866840251
8.2,7.979593510856735
8.8,8.276276057607735
7.5,7.912275846705143
7.9,8.119266661011647
7.0,7.679555311602674
8.2,7.652034323026957
8.8,8.476673926591136
8.2,7.994254128299318
7.4,7.931111413734154
7.0,7.786529830367878
8.5,8.20751371195707
7.4,7.815006243772627
7.9,8.189004362105868
8.5,8.454528943548997
8.0,8.027074630590713
8.0,7.974783062550493
7.4,7.697987917731405
8.5,8.03937810334097
7.8,8.091078719765346
8.0,7.89275716891632
8.2,8.075132122493248
8.5,8.355738160002215
7.2,7.938560898839775
7.7,7.768163505691775
8.2,7.910422444644899
7.8,7.477253797190013
8.3,8.074308485814937
8.1,8.19159216049565
8.5,8.407123048959583
8.5,7.909859149331746
8.3,8.147879424273633
8.3,7.836967691418646
7.9,7.828993423437079
7.5,7.948784289025906
8.6,7.808095825837567
8.2,7.971476599240361
7.8,8.054955951954193
7.4,7.707985955789311
8.2,8.361025358643545
8.6,8.227597888059815
7.1,7.843542035152183
8.1,8.171633907956856
8.1,7.879096129726196
7.9,8.032712750006777
8.2,7.917106605008726
8.0,7.848486519187458
8.3,8.237752532702153
8.0,7.918909417207095
8.0,8.083510691348229
8.5,7.896020694495353
7.8,8.08620335236847
8.7,8.251052982905254
8.3,8.19904917416843
7.7,7.754134060607814
8.5,7.869092979717138
8.6,8.115535506806776
7.7,7.3937466220066925
8.4,7.606905088357227
7.9,7.827671760783599
6.9,7.914204999626779
7.9,8.046610550558688
8.5,8.336648376934441
8.3,7.915582360198401
8.0,8.12321204999724
8.3,8.181480064676263
8.6,8.138009139283396
7.4,8.051940164322318
